name,year,value,lastValue
Autriche,1960,432981,432981
Autriche,1961,224488.5,432981
Autriche,1962,15996,224488.5
Autriche,1963,22877,15996
Autriche,1964,29758,22877
Autriche,1965,36639,29758
Autriche,1966,43520,36639
Autriche,1967,50401,43520
Autriche,1968,56721,50401
Autriche,1969,63041,56721
Autriche,1970,69361,63041
Autriche,1971,75681,69361
Autriche,1972,82001,75681
Autriche,1973,66701.2,82001
Autriche,1974,51401.4,66701.2
Autriche,1975,36101.6,51401.4
Autriche,1976,20801.8,36101.6
Autriche,1977,5502,20801.8
Autriche,1978,8002,5502
Autriche,1979,10502,8002
Autriche,1980,13002,10502
Autriche,1981,15502,13002
Autriche,1982,18002,15502
Autriche,1983,36601.4,18002
Autriche,1984,55200.8,36601.4
Autriche,1985,73800.2,55200.8
Autriche,1986,92399.6,73800.2
Autriche,1987,110999,92399.6
Autriche,1988,134367.4,110999
Autriche,1989,157735.8,134367.4
Autriche,1990,181104.2,157735.8
Autriche,1991,204472.6,181104.2
Autriche,1992,227841,204472.6
Autriche,1993,195289.2,227841
Autriche,1994,162737.4,195289.2
Autriche,1995,130185.6,162737.4
Autriche,1996,97633.8,130185.6
Autriche,1997,65082,97633.8
Autriche,1998,87689,65082
Autriche,1999,110296,87689
Autriche,2000,132903,110296
Autriche,2001,155510,132903
Autriche,2002,178117,155510
Autriche,2003,173246.2,178117
Autriche,2004,168375.4,173246.2
Autriche,2005,163504.6,168375.4
Autriche,2006,158633.8,163504.6
Autriche,2007,153763,158633.8
Autriche,2008,176444.8,153763
Autriche,2009,199126.6,176444.8
Autriche,2010,221808.4,199126.6
Autriche,2011,244490.2,221808.4
Autriche,2012,267172,244490.2
Autriche,2013,233737.4,267172
Autriche,2014,200302.8,233737.4
Autriche,2015,166868.2,200302.8
Autriche,2016,133433.6,166868.2
Autriche,2017,99999,133433.6
Autriche,2018,74999.25,99999
Belgique,1960,29152,29152
Belgique,1961,33728,29152
Belgique,1962,38304,33728
Belgique,1963,40100.8,38304
Belgique,1964,41897.6,40100.8
Belgique,1965,43694.4,41897.6
Belgique,1966,45491.2,43694.4
Belgique,1967,47288,45491.2
Belgique,1968,52026.4,47288
Belgique,1969,56764.8,52026.4
Belgique,1970,61503.2,56764.8
Belgique,1971,66241.6,61503.2
Belgique,1972,70980,66241.6
Belgique,1973,71488.6,70980
Belgique,1974,71997.2,71488.6
Belgique,1975,72505.8,71997.2
Belgique,1976,73014.4,72505.8
Belgique,1977,73523,73014.4
Belgique,1978,62514,73523
Belgique,1979,51505,62514
Belgique,1980,40496,51505
Belgique,1981,29487,40496
Belgique,1982,18478,29487
Belgique,1983,23293.6,18478
Belgique,1984,28109.2,23293.6
Belgique,1985,32924.8,28109.2
Belgique,1986,37740.4,32924.8
Belgique,1987,42556,37740.4
Belgique,1988,55434.2,42556
Belgique,1989,68312.4,55434.2
Belgique,1990,81190.6,68312.4
Belgique,1991,94068.8,81190.6
Belgique,1992,106947,94068.8
Belgique,1993,95731.6,106947
Belgique,1994,84516.2,95731.6
Belgique,1995,73300.8,84516.2
Belgique,1996,62085.4,73300.8
Belgique,1997,50870,62085.4
Belgique,1998,84608,50870
Belgique,1999,118346,84608
Belgique,2000,152084,118346
Belgique,2001,185822,152084
Belgique,2002,219560,185822
Belgique,2003,234502,219560
Belgique,2004,249444,234502
Belgique,2005,264386,249444
Belgique,2006,279328,264386
Belgique,2007,294270,279328
Belgique,2008,287150.4,294270
Belgique,2009,280030.8,287150.4
Belgique,2010,272911.2,280030.8
Belgique,2011,265791.6,272911.2
Belgique,2012,258672,265791.6
Belgique,2013,254937.6,258672
Belgique,2014,251203.2,254937.6
Belgique,2015,247468.8,251203.2
Belgique,2016,243734.4,247468.8
Belgique,2017,240000,243734.4
Belgique,2018,173926.25,240000
Bulgarie,1960,-1175719,-1175719
Bulgarie,1961,-588578,-1175719
Bulgarie,1962,-1437,-588578
Bulgarie,1963,-2434.2,-1437
Bulgarie,1964,-3431.4,-2434.2
Bulgarie,1965,-4428.6,-3431.4
Bulgarie,1966,-5425.8,-4428.6
Bulgarie,1967,-6423,-5425.8
Bulgarie,1968,-13817.6,-6423
Bulgarie,1969,-21212.2,-13817.6
Bulgarie,1970,-28606.8,-21212.2
Bulgarie,1971,-36001.4,-28606.8
Bulgarie,1972,-43396,-36001.4
Bulgarie,1973,-53690.4,-43396
Bulgarie,1974,-63984.8,-53690.4
Bulgarie,1975,-74279.2,-63984.8
Bulgarie,1976,-84573.6,-74279.2
Bulgarie,1977,-94868,-84573.6
Bulgarie,1978,-80363.6,-94868
Bulgarie,1979,-65859.2,-80363.6
Bulgarie,1980,-51354.8,-65859.2
Bulgarie,1981,-36850.4,-51354.8
Bulgarie,1982,-22346,-36850.4
Bulgarie,1983,-54705.4,-22346
Bulgarie,1984,-87064.8,-54705.4
Bulgarie,1985,-119424.2,-87064.8
Bulgarie,1986,-151783.6,-119424.2
Bulgarie,1987,-184143,-151783.6
Bulgarie,1988,-218607.2,-184143
Bulgarie,1989,-253071.4,-218607.2
Bulgarie,1990,-287535.6,-253071.4
Bulgarie,1991,-321999.8,-287535.6
Bulgarie,1992,-356464,-321999.8
Bulgarie,1993,-311936,-356464
Bulgarie,1994,-267408,-311936
Bulgarie,1995,-222880,-267408
Bulgarie,1996,-178352,-222880
Bulgarie,1997,-133824,-178352
Bulgarie,1998,-124159.2,-133824
Bulgarie,1999,-114494.4,-124159.2
Bulgarie,2000,-104829.6,-114494.4
Bulgarie,2001,-95164.8,-104829.6
Bulgarie,2002,-85500,-95164.8
Bulgarie,2003,-85148.4,-85500
Bulgarie,2004,-84796.8,-85148.4
Bulgarie,2005,-84445.2,-84796.8
Bulgarie,2006,-84093.6,-84445.2
Bulgarie,2007,-83742,-84093.6
Bulgarie,2008,-71888,-83742
Bulgarie,2009,-60034,-71888
Bulgarie,2010,-48180,-60034
Bulgarie,2011,-36326,-48180
Bulgarie,2012,-24472,-36326
Bulgarie,2013,-24377.8,-24472
Bulgarie,2014,-24283.6,-24377.8
Bulgarie,2015,-24189.4,-24283.6
Bulgarie,2016,-24095.2,-24189.4
Bulgarie,2017,-24001,-24095.2
Bulgarie,2018,-19049.5,-24001
Chypre,1960,-41577.44444,-41577.44444
Chypre,1961,-42301.22222,-41577.44444
Chypre,1962,-43025,-42301.22222
Chypre,1963,-35988.6,-43025
Chypre,1964,-28952.2,-35988.6
Chypre,1965,-21915.8,-28952.2
Chypre,1966,-14879.4,-21915.8
Chypre,1967,-7843,-14879.4
Chypre,1968,-5663.8,-7843
Chypre,1969,-3484.6,-5663.8
Chypre,1970,-1305.4,-3484.6
Chypre,1971,873.8,-1305.4
Chypre,1972,3053,873.8
Chypre,1973,2199.4,3053
Chypre,1974,1345.8,2199.4
Chypre,1975,492.2,1345.8
Chypre,1976,-361.4,492.2
Chypre,1977,-1215,-361.4
Chypre,1978,-6498.8,-1215
Chypre,1979,-11782.6,-6498.8
Chypre,1980,-17066.4,-11782.6
Chypre,1981,-22350.2,-17066.4
Chypre,1982,-27634,-22350.2
Chypre,1983,-18673.8,-27634
Chypre,1984,-9713.6,-18673.8
Chypre,1985,-753.4,-9713.6
Chypre,1986,8206.8,-753.4
Chypre,1987,17167,8206.8
Chypre,1988,22372.6,17167
Chypre,1989,27578.2,22372.6
Chypre,1990,32783.8,27578.2
Chypre,1991,37989.4,32783.8
Chypre,1992,43195,37989.4
Chypre,1993,45208,43195
Chypre,1994,47221,45208
Chypre,1995,49234,47221
Chypre,1996,51247,49234
Chypre,1997,53260,51247
Chypre,1998,54114,53260
Chypre,1999,54968,54114
Chypre,2000,55822,54968
Chypre,2001,56676,55822
Chypre,2002,57530,56676
Chypre,2003,57755.6,57530
Chypre,2004,57981.2,57755.6
Chypre,2005,58206.8,57981.2
Chypre,2006,58432.4,58206.8
Chypre,2007,58658,58432.4
Chypre,2008,51428.2,58658
Chypre,2009,44198.4,51428.2
Chypre,2010,36968.6,44198.4
Chypre,2011,29738.8,36968.6
Chypre,2012,22509,29738.8
Chypre,2013,23007.4,22509
Chypre,2014,23505.8,23007.4
Chypre,2015,24004.2,23505.8
Chypre,2016,24502.6,24004.2
Chypre,2017,25001,24502.6
Chypre,2018,25000.5,25001
République Tchèque,1960,25000,25000
République Tchèque,1961,24999.5,25000
République Tchèque,1962,24999,24999.5
République Tchèque,1963,-5820.6,24999
République Tchèque,1964,-36640.2,-5820.6
République Tchèque,1965,-67459.8,-36640.2
République Tchèque,1966,-98279.4,-67459.8
République Tchèque,1967,-129099,-98279.4
République Tchèque,1968,-101279.4,-129099
République Tchèque,1969,-73459.8,-101279.4
République Tchèque,1970,-45640.2,-73459.8
République Tchèque,1971,-17820.6,-45640.2
République Tchèque,1972,9999,-17820.6
République Tchèque,1973,9999,9999
République Tchèque,1974,9999,9999
République Tchèque,1975,9999,9999
République Tchèque,1976,9999,9999
République Tchèque,1977,9999,9999
République Tchèque,1978,-2590,9999
République Tchèque,1979,-15179,-2590
République Tchèque,1980,-27768,-15179
République Tchèque,1981,-40357,-27768
République Tchèque,1982,-52946,-40357
République Tchèque,1983,-41222.6,-52946
République Tchèque,1984,-29499.2,-41222.6
République Tchèque,1985,-17775.8,-29499.2
République Tchèque,1986,-6052.4,-17775.8
République Tchèque,1987,5671,-6052.4
République Tchèque,1988,10536.6,5671
République Tchèque,1989,15402.2,10536.6
République Tchèque,1990,20267.8,15402.2
République Tchèque,1991,25133.4,20267.8
République Tchèque,1992,29999,25133.4
République Tchèque,1993,33199.6,29999
République Tchèque,1994,36400.2,33199.6
République Tchèque,1995,39600.8,36400.2
République Tchèque,1996,42801.4,39600.8
République Tchèque,1997,46002,42801.4
République Tchèque,1998,46282,46002
République Tchèque,1999,46562,46282
République Tchèque,2000,46842,46562
République Tchèque,2001,47122,46842
République Tchèque,2002,47402,47122
République Tchèque,2003,88099.4,47402
République Tchèque,2004,128796.8,88099.4
République Tchèque,2005,169494.2,128796.8
République Tchèque,2006,210191.6,169494.2
République Tchèque,2007,250889,210191.6
République Tchèque,2008,212710.6,250889
République Tchèque,2009,174532.2,212710.6
République Tchèque,2010,136353.8,174532.2
République Tchèque,2011,98175.4,136353.8
République Tchèque,2012,59997,98175.4
République Tchèque,2013,59997,59997
République Tchèque,2014,59997,59997
République Tchèque,2015,59997,59997
République Tchèque,2016,59997,59997
République Tchèque,2017,59997,59997
République Tchèque,2018,211738.25,59997
Danemark,1960,2327.269841,2327.269841
Danemark,1961,2291.634921,2327.269841
Danemark,1962,2256,2291.634921
Danemark,1963,6178,2256
Danemark,1964,10100,6178
Danemark,1965,14022,10100
Danemark,1966,17944,14022
Danemark,1967,21866,17944
Danemark,1968,22144,21866
Danemark,1969,22422,22144
Danemark,1970,22700,22422
Danemark,1971,22978,22700
Danemark,1972,23256,22978
Danemark,1973,21589.8,23256
Danemark,1974,19923.6,21589.8
Danemark,1975,18257.4,19923.6
Danemark,1976,16591.2,18257.4
Danemark,1977,14925,16591.2
Danemark,1978,13803.8,14925
Danemark,1979,12682.6,13803.8
Danemark,1980,11561.4,12682.6
Danemark,1981,10440.2,11561.4
Danemark,1982,9319,10440.2
Danemark,1983,14023,9319
Danemark,1984,18727,14023
Danemark,1985,23431,18727
Danemark,1986,28135,23431
Danemark,1987,32839,28135
Danemark,1988,39364.4,32839
Danemark,1989,45889.8,39364.4
Danemark,1990,52415.2,45889.8
Danemark,1991,58940.6,52415.2
Danemark,1992,65466,58940.6
Danemark,1993,67286.4,65466
Danemark,1994,69106.8,67286.4
Danemark,1995,70927.2,69106.8
Danemark,1996,72747.6,70927.2
Danemark,1997,74568,72747.6
Danemark,1998,68915.6,74568
Danemark,1999,63263.2,68915.6
Danemark,2000,57610.8,63263.2
Danemark,2001,51958.4,57610.8
Danemark,2002,46306,51958.4
Danemark,2003,54642.6,46306
Danemark,2004,62979.2,54642.6
Danemark,2005,71315.8,62979.2
Danemark,2006,79652.4,71315.8
Danemark,2007,87989,79652.4
Danemark,2008,91759.4,87989
Danemark,2009,95529.8,91759.4
Danemark,2010,99300.2,95529.8
Danemark,2011,103070.6,99300.2
Danemark,2012,106841,103070.6
Danemark,2013,100672.4,106841
Danemark,2014,94503.8,100672.4
Danemark,2015,88335.2,94503.8
Danemark,2016,82166.6,88335.2
Danemark,2017,75998,82166.6
Danemark,2018,46126,75998
Espagne,1960,-121903,-121903
Espagne,1961,-157855,-121903
Espagne,1962,-193807,-157855
Espagne,1963,-184232.8,-193807
Espagne,1964,-174658.6,-184232.8
Espagne,1965,-165084.4,-174658.6
Espagne,1966,-155510.2,-165084.4
Espagne,1967,-145936,-155510.2
Espagne,1968,-97350.8,-145936
Espagne,1969,-48765.6,-97350.8
Espagne,1970,-180.4,-48765.6
Espagne,1971,48404.8,-180.4
Espagne,1972,96990,48404.8
Espagne,1973,92972.6,96990
Espagne,1974,88955.2,92972.6
Espagne,1975,84937.8,88955.2
Espagne,1976,80920.4,84937.8
Espagne,1977,76903,80920.4
Espagne,1978,52864,76903
Espagne,1979,28825,52864
Espagne,1980,4786,28825
Espagne,1981,-19253,4786
Espagne,1982,-43292,-19253
Espagne,1983,-48169.6,-43292
Espagne,1984,-53047.2,-48169.6
Espagne,1985,-57924.8,-53047.2
Espagne,1986,-62802.4,-57924.8
Espagne,1987,-67680,-62802.4
Espagne,1988,9710,-67680
Espagne,1989,87100,9710
Espagne,1990,164490,87100
Espagne,1991,241880,164490
Espagne,1992,319270,241880
Espagne,1993,436420,319270
Espagne,1994,553570,436420
Espagne,1995,670720,553570
Espagne,1996,787870,670720
Espagne,1997,905020,787870
Espagne,1998,1291664,905020
Espagne,1999,1678308,1291664
Espagne,2000,2064952,1678308
Espagne,2001,2451596,2064952
Espagne,2002,2838240,2451596
Espagne,2003,2722392,2838240
Espagne,2004,2606544,2722392
Espagne,2005,2490696,2606544
Espagne,2006,2374848,2490696
Espagne,2007,2259000,2374848
Espagne,2008,1693200,2259000
Espagne,2009,1127400,1693200
Espagne,2010,561600,1127400
Espagne,2011,-4200,561600
Espagne,2012,-570000,-4200
Espagne,2013,-416000,-570000
Espagne,2014,-262000,-416000
Espagne,2015,-108000,-262000
Espagne,2016,46000,-108000
Espagne,2017,200000,46000
Espagne,2018,160807,200000
Estonie,1960,121614,121614
Estonie,1961,82421,121614
Estonie,1962,43228,82421
Estonie,1963,42823.2,43228
Estonie,1964,42418.4,42823.2
Estonie,1965,42013.6,42418.4
Estonie,1966,41608.8,42013.6
Estonie,1967,41204,41608.8
Estonie,1968,39079.4,41204
Estonie,1969,36954.8,39079.4
Estonie,1970,34830.2,36954.8
Estonie,1971,32705.6,34830.2
Estonie,1972,30581,32705.6
Estonie,1973,30566.8,30581
Estonie,1974,30552.6,30566.8
Estonie,1975,30538.4,30552.6
Estonie,1976,30524.2,30538.4
Estonie,1977,30510,30524.2
Estonie,1978,29588,30510
Estonie,1979,28666,29588
Estonie,1980,27744,28666
Estonie,1981,26822,27744
Estonie,1982,25900,26822
Estonie,1983,23819.4,25900
Estonie,1984,21738.8,23819.4
Estonie,1985,19658.2,21738.8
Estonie,1986,17577.6,19658.2
Estonie,1987,15497,17577.6
Estonie,1988,-9977.6,15497
Estonie,1989,-35452.2,-9977.6
Estonie,1990,-60926.8,-35452.2
Estonie,1991,-86401.4,-60926.8
Estonie,1992,-111876,-86401.4
Estonie,1993,-89740.2,-111876
Estonie,1994,-67604.4,-89740.2
Estonie,1995,-45468.6,-67604.4
Estonie,1996,-23332.8,-45468.6
Estonie,1997,-1197,-23332.8
Estonie,1998,-4638.8,-1197
Estonie,1999,-8080.6,-4638.8
Estonie,2000,-11522.4,-8080.6
Estonie,2001,-14964.2,-11522.4
Estonie,2002,-18406,-14964.2
Estonie,2003,-17755,-18406
Estonie,2004,-17104,-17755
Estonie,2005,-16453,-17104
Estonie,2006,-15802,-16453
Estonie,2007,-15151,-15802
Estonie,2008,-14224,-15151
Estonie,2009,-13297,-14224
Estonie,2010,-12370,-13297
Estonie,2011,-11443,-12370
Estonie,2012,-10516,-11443
Estonie,2013,-9412.6,-10516
Estonie,2014,-8309.2,-9412.6
Estonie,2015,-7205.8,-8309.2
Estonie,2016,-6102.4,-7205.8
Estonie,2017,-4999,-6102.4
Estonie,2018,-8749,-4999
Finlande,1960,-1491866.5,-1491866.5
Finlande,1961,-778425.25,-1491866.5
Finlande,1962,-64984,-778425.25
Finlande,1963,-71574.6,-64984
Finlande,1964,-78165.2,-71574.6
Finlande,1965,-84755.8,-78165.2
Finlande,1966,-91346.4,-84755.8
Finlande,1967,-97937,-91346.4
Finlande,1968,-72573.6,-97937
Finlande,1969,-47210.2,-72573.6
Finlande,1970,-21846.8,-47210.2
Finlande,1971,3516.6,-21846.8
Finlande,1972,28880,3516.6
Finlande,1973,17228.6,28880
Finlande,1974,5577.2,17228.6
Finlande,1975,-6074.2,5577.2
Finlande,1976,-17725.6,-6074.2
Finlande,1977,-29377,-17725.6
Finlande,1978,-18265.4,-29377
Finlande,1979,-7153.8,-18265.4
Finlande,1980,3957.8,-7153.8
Finlande,1981,15069.4,3957.8
Finlande,1982,26181,15069.4
Finlande,1983,24598.4,26181
Finlande,1984,23015.8,24598.4
Finlande,1985,21433.2,23015.8
Finlande,1986,19850.6,21433.2
Finlande,1987,18268,19850.6
Finlande,1988,24059,18268
Finlande,1989,29850,24059
Finlande,1990,35641,29850
Finlande,1991,41432,35641
Finlande,1992,47223,41432
Finlande,1993,42209.2,47223
Finlande,1994,37195.4,42209.2
Finlande,1995,32181.6,37195.4
Finlande,1996,27167.8,32181.6
Finlande,1997,22154,27167.8
Finlande,1998,24110.2,22154
Finlande,1999,26066.4,24110.2
Finlande,2000,28022.6,26066.4
Finlande,2001,29978.8,28022.6
Finlande,2002,31935,29978.8
Finlande,2003,37059.6,31935
Finlande,2004,42184.2,37059.6
Finlande,2005,47308.8,42184.2
Finlande,2006,52433.4,47308.8
Finlande,2007,57558,52433.4
Finlande,2008,62329.6,57558
Finlande,2009,67101.2,62329.6
Finlande,2010,71872.8,67101.2
Finlande,2011,76644.4,71872.8
Finlande,2012,81416,76644.4
Finlande,2013,79132.8,81416
Finlande,2014,76849.6,79132.8
Finlande,2015,74566.4,76849.6
Finlande,2016,72283.2,74566.4
Finlande,2017,70000,72283.2
Finlande,2018,53112.75,70000
Royaume-Uni,1960,73781.5,73781.5
Royaume-Uni,1961,108172.25,73781.5
Royaume-Uni,1962,142563,108172.25
Royaume-Uni,1963,97079.8,142563
Royaume-Uni,1964,51596.6,97079.8
Royaume-Uni,1965,6113.4,51596.6
Royaume-Uni,1966,-39369.8,6113.4
Royaume-Uni,1967,-84853,-39369.8
Royaume-Uni,1968,-46599.4,-84853
Royaume-Uni,1969,-8345.8,-46599.4
Royaume-Uni,1970,29907.8,-8345.8
Royaume-Uni,1971,68161.4,29907.8
Royaume-Uni,1972,106415,68161.4
Royaume-Uni,1973,92955.8,106415
Royaume-Uni,1974,79496.6,92955.8
Royaume-Uni,1975,66037.4,79496.6
Royaume-Uni,1976,52578.2,66037.4
Royaume-Uni,1977,39119,52578.2
Royaume-Uni,1978,11796.2,39119
Royaume-Uni,1979,-15526.6,11796.2
Royaume-Uni,1980,-42849.4,-15526.6
Royaume-Uni,1981,-70172.2,-42849.4
Royaume-Uni,1982,-97495,-70172.2
Royaume-Uni,1983,-58244.4,-97495
Royaume-Uni,1984,-18993.8,-58244.4
Royaume-Uni,1985,20256.8,-18993.8
Royaume-Uni,1986,59507.4,20256.8
Royaume-Uni,1987,98758,59507.4
Royaume-Uni,1988,120095,98758
Royaume-Uni,1989,141432,120095
Royaume-Uni,1990,162769,141432
Royaume-Uni,1991,184106,162769
Royaume-Uni,1992,205443,184106
Royaume-Uni,1993,264154,205443
Royaume-Uni,1994,322865,264154
Royaume-Uni,1995,381576,322865
Royaume-Uni,1996,440287,381576
Royaume-Uni,1997,498998,440287
Royaume-Uni,1998,592868.4,498998
Royaume-Uni,1999,686738.8,592868.4
Royaume-Uni,2000,780609.2,686738.8
Royaume-Uni,2001,874479.6,780609.2
Royaume-Uni,2002,968350,874479.6
Royaume-Uni,2003,1180695,968350
Royaume-Uni,2004,1393040,1180695
Royaume-Uni,2005,1605385,1393040
Royaume-Uni,2006,1817730,1605385
Royaume-Uni,2007,2030075,1817730
Royaume-Uni,2008,1822060,2030075
Royaume-Uni,2009,1614045,1822060
Royaume-Uni,2010,1406030,1614045
Royaume-Uni,2011,1198015,1406030
Royaume-Uni,2012,990000,1198015
Royaume-Uni,2013,972000,990000
Royaume-Uni,2014,954000,972000
Royaume-Uni,2015,936000,954000
Royaume-Uni,2016,918000,936000
Royaume-Uni,2017,900000,918000
Royaume-Uni,2018,699071,900000
Grèce,1960,-88950,-88950
Grèce,1961,-173424.5,-88950
Grèce,1962,-257899,-173424.5
Grèce,1963,-243744.4,-257899
Grèce,1964,-229589.8,-243744.4
Grèce,1965,-215435.2,-229589.8
Grèce,1966,-201280.6,-215435.2
Grèce,1967,-187126,-201280.6
Grèce,1968,-145546.6,-187126
Grèce,1969,-103967.2,-145546.6
Grèce,1970,-62387.8,-103967.2
Grèce,1971,-20808.4,-62387.8
Grèce,1972,20771,-20808.4
Grèce,1973,78549.8,20771
Grèce,1974,136328.6,78549.8
Grèce,1975,194107.4,136328.6
Grèce,1976,251886.2,194107.4
Grèce,1977,309665,251886.2
Grèce,1978,267780.2,309665
Grèce,1979,225895.4,267780.2
Grèce,1980,184010.6,225895.4
Grèce,1981,142125.8,184010.6
Grèce,1982,100241,142125.8
Grèce,1983,115970.2,100241
Grèce,1984,131699.4,115970.2
Grèce,1985,147428.6,131699.4
Grèce,1986,163157.8,147428.6
Grèce,1987,178887,163157.8
Grèce,1988,236036.8,178887
Grèce,1989,293186.6,236036.8
Grèce,1990,350336.4,293186.6
Grèce,1991,407486.2,350336.4
Grèce,1992,464636,407486.2
Grèce,1993,431195,464636
Grèce,1994,397754,431195
Grèce,1995,364313,397754
Grèce,1996,330872,364313
Grèce,1997,297431,330872
Grèce,1998,260662,297431
Grèce,1999,223893,260662
Grèce,2000,187124,223893
Grèce,2001,150355,187124
Grèce,2002,113586,150355
Grèce,2003,106900.2,113586
Grèce,2004,100214.4,106900.2
Grèce,2005,93528.6,100214.4
Grèce,2006,86842.8,93528.6
Grèce,2007,80157,86842.8
Grèce,2008,31765.8,80157
Grèce,2009,-16625.4,31765.8
Grèce,2010,-65016.6,-16625.4
Grèce,2011,-113407.8,-65016.6
Grèce,2012,-161799,-113407.8
Grèce,2013,-119440,-161799
Grèce,2014,-77081,-119440
Grèce,2015,-34722,-77081
Grèce,2016,7637,-34722
Grèce,2017,49996,7637
Grèce,2018,35255,49996
Croatie,1960,-1226008,-1226008
Croatie,1961,-612077,-1226008
Croatie,1962,1854,-612077
Croatie,1963,1238.2,1854
Croatie,1964,622.4,1238.2
Croatie,1965,6.6,622.4
Croatie,1966,-609.2,6.6
Croatie,1967,-1225,-609.2
Croatie,1968,-4660.6,-1225
Croatie,1969,-8096.2,-4660.6
Croatie,1970,-11531.8,-8096.2
Croatie,1971,-14967.4,-11531.8
Croatie,1972,-18403,-14967.4
Croatie,1973,-10986.2,-18403
Croatie,1974,-3569.4,-10986.2
Croatie,1975,3847.4,-3569.4
Croatie,1976,11264.2,3847.4
Croatie,1977,18681,11264.2
Croatie,1978,25818.6,18681
Croatie,1979,32956.2,25818.6
Croatie,1980,40093.8,32956.2
Croatie,1981,47231.4,40093.8
Croatie,1982,54369,47231.4
Croatie,1983,48724.2,54369
Croatie,1984,43079.4,48724.2
Croatie,1985,37434.6,43079.4
Croatie,1986,31789.8,37434.6
Croatie,1987,26145,31789.8
Croatie,1988,-7799.8,26145
Croatie,1989,-41744.6,-7799.8
Croatie,1990,-75689.4,-41744.6
Croatie,1991,-109634.2,-75689.4
Croatie,1992,-143579,-109634.2
Croatie,1993,-152489,-143579
Croatie,1994,-161399,-152489
Croatie,1995,-170309,-161399
Croatie,1996,-179219,-170309
Croatie,1997,-188129,-179219
Croatie,1998,-151019.2,-188129
Croatie,1999,-113909.4,-151019.2
Croatie,2000,-76799.6,-113909.4
Croatie,2001,-39689.8,-76799.6
Croatie,2002,-2580,-39689.8
Croatie,2003,-4163.8,-2580
Croatie,2004,-5747.6,-4163.8
Croatie,2005,-7331.4,-5747.6
Croatie,2006,-8915.2,-7331.4
Croatie,2007,-10499,-8915.2
Croatie,2008,-14953.6,-10499
Croatie,2009,-19408.2,-14953.6
Croatie,2010,-23862.8,-19408.2
Croatie,2011,-28317.4,-23862.8
Croatie,2012,-32772,-28317.4
Croatie,2013,-34217.6,-32772
Croatie,2014,-35663.2,-34217.6
Croatie,2015,-37108.8,-35663.2
Croatie,2016,-38554.4,-37108.8
Croatie,2017,-40000,-38554.4
Croatie,2018,-42999.25,-40000
Hongrie,1960,-76642.5,-76642.5
Hongrie,1961,-27463.75,-76642.5
Hongrie,1962,21715,-27463.75
Hongrie,1963,20518.2,21715
Hongrie,1964,19321.4,20518.2
Hongrie,1965,18124.6,19321.4
Hongrie,1966,16927.8,18124.6
Hongrie,1967,15731,16927.8
Hongrie,1968,7701,15731
Hongrie,1969,-329,7701
Hongrie,1970,-8359,-329
Hongrie,1971,-16389,-8359
Hongrie,1972,-24419,-16389
Hongrie,1973,-16927.2,-24419
Hongrie,1974,-9435.4,-16927.2
Hongrie,1975,-1943.6,-9435.4
Hongrie,1976,5548.2,-1943.6
Hongrie,1977,13040,5548.2
Hongrie,1978,-12728,13040
Hongrie,1979,-38496,-12728
Hongrie,1980,-64264,-38496
Hongrie,1981,-90032,-64264
Hongrie,1982,-115800,-90032
Hongrie,1983,-110950.8,-115800
Hongrie,1984,-106101.6,-110950.8
Hongrie,1985,-101252.4,-106101.6
Hongrie,1986,-96403.2,-101252.4
Hongrie,1987,-91554,-96403.2
Hongrie,1988,-53247.2,-91554
Hongrie,1989,-14940.4,-53247.2
Hongrie,1990,23366.4,-14940.4
Hongrie,1991,61673.2,23366.4
Hongrie,1992,99980,61673.2
Hongrie,1993,95696.4,99980
Hongrie,1994,91412.8,95696.4
Hongrie,1995,87129.2,91412.8
Hongrie,1996,82845.6,87129.2
Hongrie,1997,78562,82845.6
Hongrie,1998,75167.4,78562
Hongrie,1999,71772.8,75167.4
Hongrie,2000,68378.2,71772.8
Hongrie,2001,64983.6,68378.2
Hongrie,2002,61589,64983.6
Hongrie,2003,54301.2,61589
Hongrie,2004,47013.4,54301.2
Hongrie,2005,39725.6,47013.4
Hongrie,2006,32437.8,39725.6
Hongrie,2007,25150,32437.8
Hongrie,2008,26119.8,25150
Hongrie,2009,27089.6,26119.8
Hongrie,2010,28059.4,27089.6
Hongrie,2011,29029.2,28059.4
Hongrie,2012,29999,29029.2
Hongrie,2013,29999,29999
Hongrie,2014,29999,29999
Hongrie,2015,29999,29999
Hongrie,2016,29999,29999
Hongrie,2017,29999,29999
Hongrie,2018,-905092.25,29999
Irlande,1960,-184028.0952,-184028.0952
Irlande,1961,-146881.0476,-184028.0952
Irlande,1962,-109734,-146881.0476
Irlande,1963,-97959.2,-109734
Irlande,1964,-86184.4,-97959.2
Irlande,1965,-74409.6,-86184.4
Irlande,1966,-62634.8,-74409.6
Irlande,1967,-50860,-62634.8
Irlande,1968,-33221.8,-50860
Irlande,1969,-15583.6,-33221.8
Irlande,1970,2054.6,-15583.6
Irlande,1971,19692.8,2054.6
Irlande,1972,37331,19692.8
Irlande,1973,40476.4,37331
Irlande,1974,43621.8,40476.4
Irlande,1975,46767.2,43621.8
Irlande,1976,49912.6,46767.2
Irlande,1977,53058,49912.6
Irlande,1978,32297.4,53058
Irlande,1979,11536.8,32297.4
Irlande,1980,-9223.8,11536.8
Irlande,1981,-29984.4,-9223.8
Irlande,1982,-50745,-29984.4
Irlande,1983,-63634.6,-50745
Irlande,1984,-76524.2,-63634.6
Irlande,1985,-89413.8,-76524.2
Irlande,1986,-102303.4,-89413.8
Irlande,1987,-115193,-102303.4
Irlande,1988,-94284,-115193
Irlande,1989,-73375,-94284
Irlande,1990,-52466,-73375
Irlande,1991,-31557,-52466
Irlande,1992,-10648,-31557
Irlande,1993,8164,-10648
Irlande,1994,26976,8164
Irlande,1995,45788,26976
Irlande,1996,64600,45788
Irlande,1997,83412,64600
Irlande,1998,106719.4,83412
Irlande,1999,130026.8,106719.4
Irlande,2000,153334.2,130026.8
Irlande,2001,176641.6,153334.2
Irlande,2002,199949,176641.6
Irlande,2003,199588,199949
Irlande,2004,199227,199588
Irlande,2005,198866,199227
Irlande,2006,198505,198866
Irlande,2007,198144,198505
Irlande,2008,130516,198144
Irlande,2009,62888,130516
Irlande,2010,-4740,62888
Irlande,2011,-72368,-4740
Irlande,2012,-139996,-72368
Irlande,2013,-107297.4,-139996
Irlande,2014,-74598.8,-107297.4
Irlande,2015,-41900.2,-74598.8
Irlande,2016,-9201.6,-41900.2
Irlande,2017,23497,-9201.6
Irlande,2018,15663.25,23497
Italie,1960,-90802.5,-90802.5
Italie,1961,-161204.75,-90802.5
Italie,1962,-231607,-161204.75
Italie,1963,-231641.8,-231607
Italie,1964,-231676.6,-231641.8
Italie,1965,-231711.4,-231676.6
Italie,1966,-231746.2,-231711.4
Italie,1967,-231781,-231746.2
Italie,1968,-181545.6,-231781
Italie,1969,-131310.2,-181545.6
Italie,1970,-81074.8,-131310.2
Italie,1971,-30839.4,-81074.8
Italie,1972,19396,-30839.4
Italie,1973,48502.2,19396
Italie,1974,77608.4,48502.2
Italie,1975,106714.6,77608.4
Italie,1976,135820.8,106714.6
Italie,1977,164927,135820.8
Italie,1978,185212,164927
Italie,1979,205497,185212
Italie,1980,225782,205497
Italie,1981,246067,225782
Italie,1982,266352,246067
Italie,1983,211070,266352
Italie,1984,155788,211070
Italie,1985,100506,155788
Italie,1986,45224,100506
Italie,1987,-10058,45224
Italie,1988,22518.6,-10058
Italie,1989,55095.2,22518.6
Italie,1990,87671.8,55095.2
Italie,1991,120248.4,87671.8
Italie,1992,152825,120248.4
Italie,1993,167054.8,152825
Italie,1994,181284.6,167054.8
Italie,1995,195514.4,181284.6
Italie,1996,209744.2,195514.4
Italie,1997,223974,209744.2
Italie,1998,504039.2,223974
Italie,1999,784104.4,504039.2
Italie,2000,1064169.6,784104.4
Italie,2001,1344234.8,1064169.6
Italie,2002,1624300,1344234.8
Italie,2003,1500701.6,1624300
Italie,2004,1377103.2,1500701.6
Italie,2005,1253504.8,1377103.2
Italie,2006,1129906.4,1253504.8
Italie,2007,1006308,1129906.4
Italie,2008,857875.4,1006308
Italie,2009,709442.8,857875.4
Italie,2010,561010.2,709442.8
Italie,2011,412577.6,561010.2
Italie,2012,264145,412577.6
Italie,2013,281316,264145
Italie,2014,298487,281316
Italie,2015,315658,298487
Italie,2016,332829,315658
Italie,2017,350000,332829
Italie,2018,226309,350000
Lituanie,1960,-536712.5,-536712.5
Lituanie,1961,-255998.75,-536712.5
Lituanie,1962,24715,-255998.75
Lituanie,1963,25034.8,24715
Lituanie,1964,25354.6,25034.8
Lituanie,1965,25674.4,25354.6
Lituanie,1966,25994.2,25674.4
Lituanie,1967,26314,25994.2
Lituanie,1968,28607.6,26314
Lituanie,1969,30901.2,28607.6
Lituanie,1970,33194.8,30901.2
Lituanie,1971,35488.4,33194.8
Lituanie,1972,37782,35488.4
Lituanie,1973,37988.6,37782
Lituanie,1974,38195.2,37988.6
Lituanie,1975,38401.8,38195.2
Lituanie,1976,38608.4,38401.8
Lituanie,1977,38815,38608.4
Lituanie,1978,39812.8,38815
Lituanie,1979,40810.6,39812.8
Lituanie,1980,41808.4,40810.6
Lituanie,1981,42806.2,41808.4
Lituanie,1982,43804,42806.2
Lituanie,1983,42415.8,43804
Lituanie,1984,41027.6,42415.8
Lituanie,1985,39639.4,41027.6
Lituanie,1986,38251.2,39639.4
Lituanie,1987,36863,38251.2
Lituanie,1988,9430.2,36863
Lituanie,1989,-18002.6,9430.2
Lituanie,1990,-45435.4,-18002.6
Lituanie,1991,-72868.2,-45435.4
Lituanie,1992,-100301,-72868.2
Lituanie,1993,-99025.8,-100301
Lituanie,1994,-97750.6,-99025.8
Lituanie,1995,-96475.4,-97750.6
Lituanie,1996,-95200.2,-96475.4
Lituanie,1997,-93925,-95200.2
Lituanie,1998,-94960.8,-93925
Lituanie,1999,-95996.6,-94960.8
Lituanie,2000,-97032.4,-95996.6
Lituanie,2001,-98068.2,-97032.4
Lituanie,2002,-99104,-98068.2
Lituanie,2003,-109469.2,-99104
Lituanie,2004,-119834.4,-109469.2
Lituanie,2005,-130199.6,-119834.4
Lituanie,2006,-140564.8,-130199.6
Lituanie,2007,-150930,-140564.8
Lituanie,2008,-149987.4,-150930
Lituanie,2009,-149044.8,-149987.4
Lituanie,2010,-148102.2,-149044.8
Lituanie,2011,-147159.6,-148102.2
Lituanie,2012,-146217,-147159.6
Lituanie,2013,-121973.6,-146217
Lituanie,2014,-97730.2,-121973.6
Lituanie,2015,-73486.8,-97730.2
Lituanie,2016,-49243.4,-73486.8
Lituanie,2017,-25000,-49243.4
Lituanie,2018,-16618.25,-25000
Luxembourg,1960,-8236.5,-8236.5
Luxembourg,1961,145.25,-8236.5
Luxembourg,1962,8527,145.25
Luxembourg,1963,8005.2,8527
Luxembourg,1964,7483.4,8005.2
Luxembourg,1965,6961.6,7483.4
Luxembourg,1966,6439.8,6961.6
Luxembourg,1967,5918,6439.8
Luxembourg,1968,7791.2,5918
Luxembourg,1969,9664.4,7791.2
Luxembourg,1970,11537.6,9664.4
Luxembourg,1971,13410.8,11537.6
Luxembourg,1972,15284,13410.8
Luxembourg,1973,14596.4,15284
Luxembourg,1974,13908.8,14596.4
Luxembourg,1975,13221.2,13908.8
Luxembourg,1976,12533.6,13221.2
Luxembourg,1977,11846,12533.6
Luxembourg,1978,9987.2,11846
Luxembourg,1979,8128.4,9987.2
Luxembourg,1980,6269.6,8128.4
Luxembourg,1981,4410.8,6269.6
Luxembourg,1982,2552,4410.8
Luxembourg,1983,4607.8,2552
Luxembourg,1984,6663.6,4607.8
Luxembourg,1985,8719.4,6663.6
Luxembourg,1986,10775.2,8719.4
Luxembourg,1987,12831,10775.2
Luxembourg,1988,14272.8,12831
Luxembourg,1989,15714.6,14272.8
Luxembourg,1990,17156.4,15714.6
Luxembourg,1991,18598.2,17156.4
Luxembourg,1992,20040,18598.2
Luxembourg,1993,20020,20040
Luxembourg,1994,20000,20020
Luxembourg,1995,19980,20000
Luxembourg,1996,19960,19980
Luxembourg,1997,19940,19960
Luxembourg,1998,18846.6,19940
Luxembourg,1999,17753.2,18846.6
Luxembourg,2000,16659.8,17753.2
Luxembourg,2001,15566.4,16659.8
Luxembourg,2002,14473,15566.4
Luxembourg,2003,20034.2,14473
Luxembourg,2004,25595.4,20034.2
Luxembourg,2005,31156.6,25595.4
Luxembourg,2006,36717.8,31156.6
Luxembourg,2007,42279,36717.8
Luxembourg,2008,43564,42279
Luxembourg,2009,44849,43564
Luxembourg,2010,46134,44849
Luxembourg,2011,47419,46134
Luxembourg,2012,48704,47419
Luxembourg,2013,43963.4,48704
Luxembourg,2014,39222.8,43963.4
Luxembourg,2015,34482.2,39222.8
Luxembourg,2016,29741.6,34482.2
Luxembourg,2017,25001,29741.6
Luxembourg,2018,38663.5,25001
Lettonie,1960,52326,52326
Lettonie,1961,65988.5,52326
Lettonie,1962,79651,65988.5
Lettonie,1963,77876.8,79651
Lettonie,1964,76102.6,77876.8
Lettonie,1965,74328.4,76102.6
Lettonie,1966,72554.2,74328.4
Lettonie,1967,70780,72554.2
Lettonie,1968,67557.6,70780
Lettonie,1969,64335.2,67557.6
Lettonie,1970,61112.8,64335.2
Lettonie,1971,57890.4,61112.8
Lettonie,1972,54668,57890.4
Lettonie,1973,50999.8,54668
Lettonie,1974,47331.6,50999.8
Lettonie,1975,43663.4,47331.6
Lettonie,1976,39995.2,43663.4
Lettonie,1977,36327,39995.2
Lettonie,1978,35214,36327
Lettonie,1979,34101,35214
Lettonie,1980,32988,34101
Lettonie,1981,31875,32988
Lettonie,1982,30762,31875
Lettonie,1983,32991.6,30762
Lettonie,1984,35221.2,32991.6
Lettonie,1985,37450.8,35221.2
Lettonie,1986,39680.4,37450.8
Lettonie,1987,41910,39680.4
Lettonie,1988,10233.2,41910
Lettonie,1989,-21443.6,10233.2
Lettonie,1990,-53120.4,-21443.6
Lettonie,1991,-84797.2,-53120.4
Lettonie,1992,-116474,-84797.2
Lettonie,1993,-102499.4,-116474
Lettonie,1994,-88524.8,-102499.4
Lettonie,1995,-74550.2,-88524.8
Lettonie,1996,-60575.6,-74550.2
Lettonie,1997,-46601,-60575.6
Lettonie,1998,-51778.8,-46601
Lettonie,1999,-56956.6,-51778.8
Lettonie,2000,-62134.4,-56956.6
Lettonie,2001,-67312.2,-62134.4
Lettonie,2002,-72490,-67312.2
Lettonie,2003,-75310.8,-72490
Lettonie,2004,-78131.6,-75310.8
Lettonie,2005,-80952.4,-78131.6
Lettonie,2006,-83773.2,-80952.4
Lettonie,2007,-86594,-83773.2
Lettonie,2008,-85940.2,-86594
Lettonie,2009,-85286.4,-85940.2
Lettonie,2010,-84632.6,-85286.4
Lettonie,2011,-83978.8,-84632.6
Lettonie,2012,-83325,-83978.8
Lettonie,2013,-76660,-83325
Lettonie,2014,-69995,-76660
Lettonie,2015,-63330,-69995
Lettonie,2016,-56665,-63330
Lettonie,2017,-50000,-56665
Lettonie,2018,-32734.5,-50000
Malte,1960,-105855,-105855
Malte,1961,-58782.5,-105855
Malte,1962,-11710,-58782.5
Malte,1963,-11888.2,-11710
Malte,1964,-12066.4,-11888.2
Malte,1965,-12244.6,-12066.4
Malte,1966,-12422.8,-12244.6
Malte,1967,-12601,-12422.8
Malte,1968,-12017.2,-12601
Malte,1969,-11433.4,-12017.2
Malte,1970,-10849.6,-11433.4
Malte,1971,-10265.8,-10849.6
Malte,1972,-9682,-10265.8
Malte,1973,-8714.2,-9682
Malte,1974,-7746.4,-8714.2
Malte,1975,-6778.6,-7746.4
Malte,1976,-5810.8,-6778.6
Malte,1977,-4843,-5810.8
Malte,1978,-3303.2,-4843
Malte,1979,-1763.4,-3303.2
Malte,1980,-223.6,-1763.4
Malte,1981,1316.2,-223.6
Malte,1982,2856,1316.2
Malte,1983,2516.6,2856
Malte,1984,2177.2,2516.6
Malte,1985,1837.8,2177.2
Malte,1986,1498.4,1837.8
Malte,1987,1159,1498.4
Malte,1988,1684.6,1159
Malte,1989,2210.2,1684.6
Malte,1990,2735.8,2210.2
Malte,1991,3261.4,2735.8
Malte,1992,3787,3261.4
Malte,1993,4305.2,3787
Malte,1994,4823.4,4305.2
Malte,1995,5341.6,4823.4
Malte,1996,5859.8,5341.6
Malte,1997,6378,5859.8
Malte,1998,6206.6,6378
Malte,1999,6035.2,6206.6
Malte,2000,5863.8,6035.2
Malte,2001,5692.4,5863.8
Malte,2002,5521,5692.4
Malte,2003,5742.8,5521
Malte,2004,5964.6,5742.8
Malte,2005,6186.4,5964.6
Malte,2006,6408.2,6186.4
Malte,2007,6630,6408.2
Malte,2008,7193.4,6630
Malte,2009,7756.8,7193.4
Malte,2010,8320.2,7756.8
Malte,2011,8883.6,8320.2
Malte,2012,9447,8883.6
Malte,2013,8457.8,9447
Malte,2014,7468.6,8457.8
Malte,2015,6479.4,7468.6
Malte,2016,5490.2,6479.4
Malte,2017,4501,5490.2
Malte,2018,3375.75,4501
Pays-Bas,1960,-47376.5,-47376.5
Pays-Bas,1961,-17893.75,-47376.5
Pays-Bas,1962,11589,-17893.75
Pays-Bas,1963,20198.4,11589
Pays-Bas,1964,28807.8,20198.4
Pays-Bas,1965,37417.2,28807.8
Pays-Bas,1966,46026.6,37417.2
Pays-Bas,1967,54636,46026.6
Pays-Bas,1968,81057.8,54636
Pays-Bas,1969,107479.6,81057.8
Pays-Bas,1970,133901.4,107479.6
Pays-Bas,1971,160323.2,133901.4
Pays-Bas,1972,186745,160323.2
Pays-Bas,1973,178556.8,186745
Pays-Bas,1974,170368.6,178556.8
Pays-Bas,1975,162180.4,170368.6
Pays-Bas,1976,153992.2,162180.4
Pays-Bas,1977,145804,153992.2
Pays-Bas,1978,130948.2,145804
Pays-Bas,1979,116092.4,130948.2
Pays-Bas,1980,101236.6,116092.4
Pays-Bas,1981,86380.8,101236.6
Pays-Bas,1982,71525,86380.8
Pays-Bas,1983,85169.6,71525
Pays-Bas,1984,98814.2,85169.6
Pays-Bas,1985,112458.8,98814.2
Pays-Bas,1986,126103.4,112458.8
Pays-Bas,1987,139748,126103.4
Pays-Bas,1988,149080.2,139748
Pays-Bas,1989,158412.4,149080.2
Pays-Bas,1990,167744.6,158412.4
Pays-Bas,1991,177076.8,167744.6
Pays-Bas,1992,186409,177076.8
Pays-Bas,1993,184837.8,186409
Pays-Bas,1994,183266.6,184837.8
Pays-Bas,1995,181695.4,183266.6
Pays-Bas,1996,180124.2,181695.4
Pays-Bas,1997,178553,180124.2
Pays-Bas,1998,172046.4,178553
Pays-Bas,1999,165539.8,172046.4
Pays-Bas,2000,159033.2,165539.8
Pays-Bas,2001,152526.6,159033.2
Pays-Bas,2002,146020,152526.6
Pays-Bas,2003,129958.6,146020
Pays-Bas,2004,113897.2,129958.6
Pays-Bas,2005,97835.8,113897.2
Pays-Bas,2006,81774.4,97835.8
Pays-Bas,2007,65713,81774.4
Pays-Bas,2008,65107.8,65713
Pays-Bas,2009,64502.6,65107.8
Pays-Bas,2010,63897.4,64502.6
Pays-Bas,2011,63292.2,63897.4
Pays-Bas,2012,62687,63292.2
Pays-Bas,2013,66149.6,62687
Pays-Bas,2014,69612.2,66149.6
Pays-Bas,2015,73074.8,69612.2
Pays-Bas,2016,76537.4,73074.8
Pays-Bas,2017,80000,76537.4
Pays-Bas,2018,59431.5,80000
Pologne,1960,-31772.5,-31772.5
Pologne,1961,-47158.25,-31772.5
Pologne,1962,-62544,-47158.25
Pologne,1963,-78658,-62544
Pologne,1964,-94772,-78658
Pologne,1965,-110886,-94772
Pologne,1966,-127000,-110886
Pologne,1967,-143114,-127000
Pologne,1968,-148671.8,-143114
Pologne,1969,-154229.6,-148671.8
Pologne,1970,-159787.4,-154229.6
Pologne,1971,-165345.2,-159787.4
Pologne,1972,-170903,-165345.2
Pologne,1973,-158041.4,-170903
Pologne,1974,-145179.8,-158041.4
Pologne,1975,-132318.2,-145179.8
Pologne,1976,-119456.6,-132318.2
Pologne,1977,-106595,-119456.6
Pologne,1978,-109114.6,-106595
Pologne,1979,-111634.2,-109114.6
Pologne,1980,-114153.8,-111634.2
Pologne,1981,-116673.4,-114153.8
Pologne,1982,-119193,-116673.4
Pologne,1983,-156349,-119193
Pologne,1984,-193505,-156349
Pologne,1985,-230661,-193505
Pologne,1986,-267817,-230661
Pologne,1987,-304973,-267817
Pologne,1988,-275978.2,-304973
Pologne,1989,-246983.4,-275978.2
Pologne,1990,-217988.6,-246983.4
Pologne,1991,-188993.8,-217988.6
Pologne,1992,-159999,-188993.8
Pologne,1993,-145039,-159999
Pologne,1994,-130079,-145039
Pologne,1995,-115119,-130079
Pologne,1996,-100159,-115119
Pologne,1997,-85199,-100159
Pologne,1998,-104853.4,-85199
Pologne,1999,-124507.8,-104853.4
Pologne,2000,-144162.2,-124507.8
Pologne,2001,-163816.6,-144162.2
Pologne,2002,-183471,-163816.6
Pologne,2003,-182468,-183471
Pologne,2004,-181465,-182468
Pologne,2005,-180462,-181465
Pologne,2006,-179459,-180462
Pologne,2007,-178456,-179459
Pologne,2008,-157564.2,-178456
Pologne,2009,-136672.4,-157564.2
Pologne,2010,-115780.6,-136672.4
Pologne,2011,-94888.8,-115780.6
Pologne,2012,-73997,-94888.8
Pologne,2013,-69198,-73997
Pologne,2014,-64399,-69198
Pologne,2015,-59600,-64399
Pologne,2016,-54801,-59600
Pologne,2017,-50002,-54801
Pologne,2018,-80185.75,-50002
Portugal,1960,-279020,-279020
Portugal,1961,-413452,-279020
Portugal,1962,-547884,-413452
Portugal,1963,-578627.2,-547884
Portugal,1964,-609370.4,-578627.2
Portugal,1965,-640113.6,-609370.4
Portugal,1966,-670856.8,-640113.6
Portugal,1967,-701600,-670856.8
Portugal,1968,-539642.6,-701600
Portugal,1969,-377685.2,-539642.6
Portugal,1970,-215727.8,-377685.2
Portugal,1971,-53770.4,-215727.8
Portugal,1972,108187,-53770.4
Portugal,1973,126275.4,108187
Portugal,1974,144363.8,126275.4
Portugal,1975,162452.2,144363.8
Portugal,1976,180540.6,162452.2
Portugal,1977,198629,180540.6
Portugal,1978,145524.4,198629
Portugal,1979,92419.8,145524.4
Portugal,1980,39315.2,92419.8
Portugal,1981,-13789.4,39315.2
Portugal,1982,-66894,-13789.4
Portugal,1983,-83089.8,-66894
Portugal,1984,-99285.6,-83089.8
Portugal,1985,-115481.4,-99285.6
Portugal,1986,-131677.2,-115481.4
Portugal,1987,-147873,-131677.2
Portugal,1988,-88474,-147873
Portugal,1989,-29075,-88474
Portugal,1990,30324,-29075
Portugal,1991,89723,30324
Portugal,1992,149122,89723
Portugal,1993,154018.4,149122
Portugal,1994,158914.8,154018.4
Portugal,1995,163811.2,158914.8
Portugal,1996,168707.6,163811.2
Portugal,1997,173604,168707.6
Portugal,1998,174553.8,173604
Portugal,1999,175503.6,174553.8
Portugal,2000,176453.4,175503.6
Portugal,2001,177403.2,176453.4
Portugal,2002,178353,177403.2
Portugal,2003,161109,178353
Portugal,2004,143865,161109
Portugal,2005,126621,143865
Portugal,2006,109377,126621
Portugal,2007,92133,109377
Portugal,2008,45706.4,92133
Portugal,2009,-720.2,45706.4
Portugal,2010,-47146.8,-720.2
Portugal,2011,-93573.4,-47146.8
Portugal,2012,-140000,-93573.4
Portugal,2013,-118000.2,-140000
Portugal,2014,-96000.4,-118000.2
Portugal,2015,-74000.6,-96000.4
Portugal,2016,-52000.8,-74000.6
Portugal,2017,-30001,-52000.8
Portugal,2018,-40145.75,-30001
Roumanie,1960,98999.5,98999.5
Roumanie,1961,48499.25,98999.5
Roumanie,1962,-2001,48499.25
Roumanie,1963,-2001,-2001
Roumanie,1964,-2001,-2001
Roumanie,1965,-2001,-2001
Roumanie,1966,-2001,-2001
Roumanie,1967,-2001,-2001
Roumanie,1968,-2001,-2001
Roumanie,1969,-2001,-2001
Roumanie,1970,-2001,-2001
Roumanie,1971,-2001,-2001
Roumanie,1972,-2001,-2001
Roumanie,1973,-21600.6,-2001
Roumanie,1974,-41200.2,-21600.6
Roumanie,1975,-60799.8,-41200.2
Roumanie,1976,-80399.4,-60799.8
Roumanie,1977,-99999,-80399.4
Roumanie,1978,-119999.2,-99999
Roumanie,1979,-139999.4,-119999.2
Roumanie,1980,-159999.6,-139999.4
Roumanie,1981,-179999.8,-159999.6
Roumanie,1982,-200000,-179999.8
Roumanie,1983,-200000,-200000
Roumanie,1984,-200000,-200000
Roumanie,1985,-200000,-200000
Roumanie,1986,-200000,-200000
Roumanie,1987,-200000,-200000
Roumanie,1988,-264000.2,-200000
Roumanie,1989,-328000.4,-264000.2
Roumanie,1990,-392000.6,-328000.4
Roumanie,1991,-456000.8,-392000.6
Roumanie,1992,-520001,-456000.8
Roumanie,1993,-538000.8,-520001
Roumanie,1994,-556000.6,-538000.8
Roumanie,1995,-574000.4,-556000.6
Roumanie,1996,-592000.2,-574000.4
Roumanie,1997,-610000,-592000.2
Roumanie,1998,-581640.8,-610000
Roumanie,1999,-553281.6,-581640.8
Roumanie,2000,-524922.4,-553281.6
Roumanie,2001,-496563.2,-524922.4
Roumanie,2002,-468204,-496563.2
Roumanie,2003,-529493.4,-468204
Roumanie,2004,-590782.8,-529493.4
Roumanie,2005,-652072.2,-590782.8
Roumanie,2006,-713361.6,-652072.2
Roumanie,2007,-774651,-713361.6
Roumanie,2008,-679720.2,-774651
Roumanie,2009,-584789.4,-679720.2
Roumanie,2010,-489858.6,-584789.4
Roumanie,2011,-394927.8,-489858.6
Roumanie,2012,-299997,-394927.8
Roumanie,2013,-269997.6,-299997
Roumanie,2014,-239998.2,-269997.6
Roumanie,2015,-209998.8,-239998.2
Roumanie,2016,-179999.4,-209998.8
Roumanie,2017,-150000,-179999.4
Roumanie,2018,-461085.75,-150000
Slovénie,1960,-8530,-8530
Slovénie,1961,-15294.5,-8530
Slovénie,1962,-22059,-15294.5
Slovénie,1963,-20637.2,-22059
Slovénie,1964,-19215.4,-20637.2
Slovénie,1965,-17793.6,-19215.4
Slovénie,1966,-16371.8,-17793.6
Slovénie,1967,-14950,-16371.8
Slovénie,1968,-8371.6,-14950
Slovénie,1969,-1793.2,-8371.6
Slovénie,1970,4785.2,-1793.2
Slovénie,1971,11363.6,4785.2
Slovénie,1972,17942,11363.6
Slovénie,1973,21290.8,17942
Slovénie,1974,24639.6,21290.8
Slovénie,1975,27988.4,24639.6
Slovénie,1976,31337.2,27988.4
Slovénie,1977,34686,31337.2
Slovénie,1978,41421.4,34686
Slovénie,1979,48156.8,41421.4
Slovénie,1980,54892.2,48156.8
Slovénie,1981,61627.6,54892.2
Slovénie,1982,68363,61627.6
Slovénie,1983,61212.2,68363
Slovénie,1984,54061.4,61212.2
Slovénie,1985,46910.6,54061.4
Slovénie,1986,39759.8,46910.6
Slovénie,1987,32609,39759.8
Slovénie,1988,22595,32609
Slovénie,1989,12581,22595
Slovénie,1990,2567,12581
Slovénie,1991,-7447,2567
Slovénie,1992,-17461,-7447
Slovénie,1993,-13671.4,-17461
Slovénie,1994,-9881.8,-13671.4
Slovénie,1995,-6092.2,-9881.8
Slovénie,1996,-2302.6,-6092.2
Slovénie,1997,1487,-2302.6
Slovénie,1998,4189.2,1487
Slovénie,1999,6891.4,4189.2
Slovénie,2000,9593.6,6891.4
Slovénie,2001,12295.8,9593.6
Slovénie,2002,14998,12295.8
Slovénie,2003,19868,14998
Slovénie,2004,24738,19868
Slovénie,2005,29608,24738
Slovénie,2006,34478,29608
Slovénie,2007,39348,34478
Slovénie,2008,34792.6,39348
Slovénie,2009,30237.2,34792.6
Slovénie,2010,25681.8,30237.2
Slovénie,2011,21126.4,25681.8
Slovénie,2012,16571,21126.4
Slovénie,2013,14457.2,16571
Slovénie,2014,12343.4,14457.2
Slovénie,2015,10229.6,12343.4
Slovénie,2016,8115.8,10229.6
Slovénie,2017,6002,8115.8
Slovénie,2018,24589.25,6002
Suède,1960,43176.5,43176.5
Suède,1961,61763.75,43176.5
Suède,1962,80351,61763.75
Suède,1963,90476.8,80351
Suède,1964,100602.6,90476.8
Suède,1965,110728.4,100602.6
Suède,1966,120854.2,110728.4
Suède,1967,130980,120854.2
Suède,1968,108543.6,130980
Suède,1969,86107.2,108543.6
Suède,1970,63670.8,86107.2
Suède,1971,41234.4,63670.8
Suède,1972,18798,41234.4
Suède,1973,32751.8,18798
Suède,1974,46705.6,32751.8
Suède,1975,60659.4,46705.6
Suède,1976,74613.2,60659.4
Suède,1977,88567,74613.2
Suède,1978,76813.4,88567
Suède,1979,65059.8,76813.4
Suède,1980,53306.2,65059.8
Suède,1981,41552.6,53306.2
Suède,1982,29799,41552.6
Suède,1983,50753,29799
Suède,1984,71707,50753
Suède,1985,92661,71707
Suède,1986,113615,92661
Suède,1987,134569,113615
Suède,1988,138947.2,134569
Suède,1989,143325.4,138947.2
Suède,1990,147703.6,143325.4
Suède,1991,152081.8,147703.6
Suède,1992,156460,152081.8
Suède,1993,136862,156460
Suède,1994,117264,136862
Suède,1995,97666,117264
Suède,1996,78068,97666
Suède,1997,58470,78068
Suède,1998,75120.6,58470
Suède,1999,91771.2,75120.6
Suède,2000,108421.8,91771.2
Suède,2001,125072.4,108421.8
Suède,2002,141723,125072.4
Suède,2003,165869,141723
Suède,2004,190015,165869
Suède,2005,214161,190015
Suède,2006,238307,214161
Suède,2007,262453,238307
Suède,2008,260754,262453
Suède,2009,259055,260754
Suède,2010,257356,259055
Suède,2011,255657,257356
Suède,2012,253958,255657
Suède,2013,243166.4,253958
Suède,2014,232374.8,243166.4
Suède,2015,221583.2,232374.8
Suède,2016,210791.6,221583.2
Suède,2017,200000,210791.6
Suède,2018,147523,200000
