name,year,value,lastValue
Austria,1951,282000,282000
Austria,1952,238200,282000
Austria,1953,215200,238200
Austria,1954,150000,215200
Austria,1955,110000,150000
Austria,1956,140000,110000
Austria,1957,68000,140000
Austria,1958,53000,68000
Austria,1959,44000,53000
Austria,1960,39000,44000
Austria,1961,34000,39000
Austria,1962,30000,34000
Austria,1963,27000,30000
Austria,1964,25000,27000
Austria,1965,25000,25000
Austria,1966,24500,25000
Austria,1967,24000,24500
Austria,1968,24000,24000
Austria,1969,25000,24000
Austria,1970,25300,25000
Austria,1971,25000,25300
Austria,1972,25000,25000
Austria,1973,25000,25000
Austria,1974,25000,25000
Austria,1975,20000,25000
Austria,1976,25000,20000
Austria,1977,20000,25000
Austria,1978,20000,20000
Austria,1979,25000,20000
Austria,1980,15525,25000
Austria,1981,17899,15525
Austria,1982,34963,17899
Austria,1983,37298,34963
Austria,1984,39099,37298
Austria,1985,40534,39099
Austria,1986,41176,40534
Austria,1987,41228,41176
Austria,1988,39830,41228
Austria,1989,39405,39830
Austria,1990,34938,39405
Austria,1991,34508,34938
Austria,1992,62355,34508
Austria,1993,57687,62355
Austria,1994,40703,57687
Austria,1995,34385,40703
Austria,1996,89116,34385
Austria,1997,84394,89116
Austria,1998,80300,84394
Austria,1999,82081,80300
Austria,2000,25436,82081
Austria,2001,29576,25436
Austria,2002,43623,29576
Austria,2003,49672,43623
Austria,2004,56057,49672
Austria,2005,61940,56057
Austria,2006,67881,61940
Austria,2007,69214,67881
Austria,2008,74250,69214
Austria,2009,71052,74250
Austria,2010,68255,71052
Austria,2011,71553,68255
Austria,2012,74159,71553
Austria,2013,78343,74159
Austria,2014,91647,78343
Austria,2015,152291,91647
Austria,2016,169659,152291
Austria,2017,171466,169659
Belgium,1951,55000,53500
Belgium,1952,53500,55000
Belgium,1953,53000,53500
Belgium,1954,53000,53000
Belgium,1955,53000,53000
Belgium,1956,65000,53000
Belgium,1957,69000,65000
Belgium,1958,63000,69000
Belgium,1959,58000,63000
Belgium,1960,55000,58000
Belgium,1961,53000,55000
Belgium,1962,51000,53000
Belgium,1963,50000,51000
Belgium,1964,47000,50000
Belgium,1965,47000,47000
Belgium,1966,40000,47000
Belgium,1967,34000,40000
Belgium,1968,33000,34000
Belgium,1969,30000,33000
Belgium,1970,31500,30000
Belgium,1971,29000,31500
Belgium,1972,29000,29000
Belgium,1973,20000,29000
Belgium,1974,11100,20000
Belgium,1975,16788,11100
Belgium,1976,17000,16788
Belgium,1977,17000,17000
Belgium,1978,17000,17000
Belgium,1979,32000,17000
Belgium,1980,33000,32000
Belgium,1981,35000,33000
Belgium,1982,21000,35000
Belgium,1983,35000,21000
Belgium,1984,36400,35000
Belgium,1985,36600,36400
Belgium,1986,35900,36600
Belgium,1987,22000,35900
Belgium,1988,23117,22000
Belgium,1989,25531,23117
Belgium,1990,25911,25531
Belgium,1991,24071,25911
Belgium,1992,24292,24071
Belgium,1993,24908,24292
Belgium,1994,19497,24908
Belgium,1995,31691,19497
Belgium,1996,36060,31691
Belgium,1997,36060,36060
Belgium,1998,15509,36060
Belgium,1999,16760,15509
Belgium,2000,65072,16760
Belgium,2001,12929,65072
Belgium,2002,32605,12929
Belgium,2003,35199,32605
Belgium,2004,36392,35199
Belgium,2005,34195,36392
Belgium,2006,32544,34195
Belgium,2007,32822,32544
Belgium,2008,31289,32822
Belgium,2009,33778,31289
Belgium,2010,36180,33778
Belgium,2011,41408,36180
Belgium,2012,37060,41408
Belgium,2013,37112,37060
Belgium,2014,39130,37112
Belgium,2015,71323,39130
Belgium,2016,66279,71323
Belgium,2017,60888,66279
Bulgaria,1992,218,450
Bulgaria,1993,450,218
Bulgaria,1994,1060,450
Bulgaria,1995,1320,1060
Bulgaria,1996,1430,1320
Bulgaria,1997,390,1430
Bulgaria,1998,240,390
Bulgaria,1999,547,240
Bulgaria,2000,2790,547
Bulgaria,2001,4549,2790
Bulgaria,2002,4798,4549
Bulgaria,2003,4824,4798
Bulgaria,2004,5604,4824
Bulgaria,2005,5218,5604
Bulgaria,2006,5364,5218
Bulgaria,2007,5848,5364
Bulgaria,2008,6208,5848
Bulgaria,2009,6589,6208
Bulgaria,2010,6942,6589
Bulgaria,2011,7072,6942
Bulgaria,2012,3558,7072
Bulgaria,2013,8880,3558
Bulgaria,2014,17797,8880
Bulgaria,2015,26056,17797
Bulgaria,2016,33856,26056
Bulgaria,2017,21818,33856
Croatia,1992,403000,287000
Croatia,1993,287000,403000
Croatia,1994,183600,287000
Croatia,1995,198647,183600
Croatia,1996,165395,198647
Croatia,1997,68863,165395
Croatia,1998,29027,68863
Croatia,1999,28374,29027
Croatia,2000,22456,28374
Croatia,2001,21951,22456
Croatia,2002,8444,21951
Croatia,2003,4444,8444
Croatia,2004,3696,4444
Croatia,2005,2935,3696
Croatia,2006,2453,2935
Croatia,2007,1696,2453
Croatia,2008,1659,1696
Croatia,2009,1277,1659
Croatia,2010,1017,1277
Croatia,2011,1059,1017
Croatia,2012,1069,1059
Croatia,2013,894,1069
Croatia,2014,845,894
Croatia,2015,575,845
Croatia,2016,861,575
Croatia,2017,832,861
Cyprus,1968,200,200
Cyprus,1969,200,200
Cyprus,1970,200,200
Cyprus,1971,200,200
Cyprus,1972,200,200
Cyprus,1982,0,200
Cyprus,1988,60,0
Cyprus,1990,33,60
Cyprus,1991,60,33
Cyprus,1992,80,60
Cyprus,1993,82,80
Cyprus,1994,66,82
Cyprus,1995,55,66
Cyprus,1996,49,55
Cyprus,1997,43,49
Cyprus,1998,84,43
Cyprus,1999,117,84
Cyprus,2000,575,117
Cyprus,2001,1943,575
Cyprus,2002,2216,1943
Cyprus,2003,5431,2216
Cyprus,2004,10559,5431
Cyprus,2005,13768,10559
Cyprus,2006,13432,13768
Cyprus,2007,13086,13432
Cyprus,2008,9479,13086
Cyprus,2009,7903,9479
Cyprus,2010,8790,7903
Cyprus,2011,6562,8790
Cyprus,2012,6267,6562
Cyprus,2013,6534,6267
Cyprus,2014,7593,6534
Cyprus,2015,9319,7593
Cyprus,2016,11572,9319
Cyprus,2017,14948,11572
Czech Rep.,1991,691,9399
Czech Rep.,1992,9399,691
Czech Rep.,1993,188,9399
Czech Rep.,1994,1186,188
Czech Rep.,1995,2655,1186
Czech Rep.,1996,2266,2655
Czech Rep.,1997,1731,2266
Czech Rep.,1998,1805,1731
Czech Rep.,1999,1232,1805
Czech Rep.,2000,6217,1232
Czech Rep.,2001,12805,6217
Czech Rep.,2002,8953,12805
Czech Rep.,2003,5262,8953
Czech Rep.,2004,2742,5262
Czech Rep.,2005,2726,2742
Czech Rep.,2006,4763,2726
Czech Rep.,2007,4223,4763
Czech Rep.,2008,3558,4223
Czech Rep.,2009,3588,3558
Czech Rep.,2010,3514,3588
Czech Rep.,2011,3358,3514
Czech Rep.,2012,3379,3358
Czech Rep.,2013,3296,3379
Czech Rep.,2014,3617,3296
Czech Rep.,2015,4303,3617
Czech Rep.,2016,4419,4303
Czech Rep.,2017,4359,4419
Denmark,1951,2000,1800
Denmark,1952,1800,2000
Denmark,1953,1600,1800
Denmark,1954,1400,1600
Denmark,1955,1300,1400
Denmark,1956,2500,1300
Denmark,1957,2500,2500
Denmark,1958,2500,2500
Denmark,1959,2400,2500
Denmark,1960,2300,2400
Denmark,1961,2200,2300
Denmark,1962,2200,2200
Denmark,1963,2200,2200
Denmark,1970,2000,2200
Denmark,1971,4400,2000
Denmark,1972,3687,4400
Denmark,1973,3687,3687
Denmark,1974,2900,3687
Denmark,1975,2125,2900
Denmark,1976,2100,2125
Denmark,1977,1764,2100
Denmark,1978,1800,1764
Denmark,1979,1800,1800
Denmark,1980,1800,1800
Denmark,1981,1800,1800
Denmark,1982,1800,1800
Denmark,1983,3600,1800
Denmark,1984,8500,3600
Denmark,1985,8500,8500
Denmark,1986,23000,8500
Denmark,1987,30000,23000
Denmark,1988,27310,30000
Denmark,1989,30747,27310
Denmark,1990,32906,30747
Denmark,1991,36110,32906
Denmark,1992,39118,36110
Denmark,1993,44564,39118
Denmark,1994,49558,44564
Denmark,1995,64844,49558
Denmark,1996,66373,64844
Denmark,1997,68122,66373
Denmark,1998,69015,68122
Denmark,1999,69006,69015
Denmark,2000,77190,69006
Denmark,2001,78863,77190
Denmark,2002,78216,78863
Denmark,2003,71889,78216
Denmark,2004,66149,71889
Denmark,2005,44884,66149
Denmark,2006,37105,44884
Denmark,2007,27348,37105
Denmark,2008,23928,27348
Denmark,2009,21548,23928
Denmark,2010,21285,21548
Denmark,2011,14826,21285
Denmark,2012,13377,14826
Denmark,2013,14809,13377
Denmark,2014,22082,14809
Denmark,2015,30274,22082
Denmark,2016,39846,30274
Denmark,2017,39799,39846
Estonia,2000,22,31
Estonia,2001,31,22
Estonia,2002,17,31
Estonia,2003,15,17
Estonia,2004,20,15
Estonia,2005,15,20
Estonia,2006,13,15
Estonia,2007,24,13
Estonia,2008,29,24
Estonia,2009,43,29
Estonia,2010,49,43
Estonia,2011,59,49
Estonia,2012,70,59
Estonia,2013,95,70
Estonia,2014,185,95
Estonia,2015,254,185
Estonia,2016,365,254
Estonia,2017,406,365
Finland,1984,500,500
Finland,1985,500,500
Finland,1986,500,500
Finland,1987,800,500
Finland,1988,1065,800
Finland,1989,2000,1065
Finland,1990,2348,2000
Finland,1991,4561,2348
Finland,1992,5950,4561
Finland,1993,8511,5950
Finland,1994,9511,8511
Finland,1995,10191,9511
Finland,1996,11382,10191
Finland,1997,12017,11382
Finland,1998,12290,12017
Finland,1999,12869,12290
Finland,2000,14576,12869
Finland,2001,12728,14576
Finland,2002,12490,12728
Finland,2003,10843,12490
Finland,2004,11325,10843
Finland,2005,11809,11325
Finland,2006,12960,11809
Finland,2007,6925,12960
Finland,2008,9359,6925
Finland,2009,11231,9359
Finland,2010,10821,11231
Finland,2011,11458,10821
Finland,2012,11800,11458
Finland,2013,12783,11800
Finland,2014,13552,12783
Finland,2015,37069,13552
Finland,2016,24001,37069
Finland,2017,23793,24001
France,1951,290000,280000
France,1952,280000,290000
France,1953,270000,280000
France,1954,263000,270000
France,1955,345415,263000
France,1956,363290,345415
France,1957,389480,363290
France,1958,381152,389480
France,1959,387201,381152
France,1960,245935,387201
France,1961,253375,245935
France,1962,259740,253375
France,1963,174057,259740
France,1964,175861,174057
France,1965,177665,175861
France,1966,179468,177665
France,1967,177200,179468
France,1968,176736,177200
France,1969,175242,176736
France,1970,158543,175242
France,1971,141844,158543
France,1972,98900,141844
France,1973,101830,98900
France,1974,105538,101830
France,1975,109882,105538
France,1976,114634,109882
France,1977,119413,114634
France,1978,126229,119413
France,1979,119489,126229
France,1980,121958,119489
France,1981,125597,121958
France,1982,152223,125597
France,1983,164113,152223
France,1984,169863,164113
France,1985,174213,169863
France,1986,180258,174213
France,1987,179306,180258
France,1988,183946,179306
France,1989,180258,183946
France,1990,193000,180258
France,1991,174756,193000
France,1992,156512,174756
France,1993,166269,156512
France,1994,195288,166269
France,1995,155245,195288
France,1996,151329,155245
France,1997,146558,151329
France,1998,140215,146558
France,1999,129722,140215
France,2000,132508,129722
France,2001,166152,132508
France,2002,166770,166152
France,2003,153738,166770
France,2004,199198,153738
France,2005,178595,199198
France,2006,183005,178595
France,2007,184064,183005
France,2008,202702,184064
France,2009,236881,202702
France,2010,249263,236881
France,2011,259447,249263
France,2012,267750,259447
France,2013,284219,267750
France,2014,308126,284219
France,2015,336183,308126
France,2016,367317,336183
France,2017,400228,367317
Germany,1951,265000,240000
Germany,1952,240000,265000
Germany,1953,228000,240000
Germany,1954,225000,228000
Germany,1955,219000,225000
Germany,1956,221000,219000
Germany,1957,217000,221000
Germany,1958,212000,217000
Germany,1959,205000,212000
Germany,1960,197000,205000
Germany,1961,190000,197000
Germany,1962,185000,190000
Germany,1963,182000,185000
Germany,1964,180000,182000
Germany,1965,180000,180000
Germany,1966,140000,180000
Germany,1967,112000,140000
Germany,1968,110000,112000
Germany,1969,113000,110000
Germany,1970,115000,113000
Germany,1971,125000,115000
Germany,1972,125000,125000
Germany,1973,125000,125000
Germany,1974,123000,125000
Germany,1975,122000,123000
Germany,1976,122000,122000
Germany,1977,120000,122000
Germany,1978,83500,120000
Germany,1979,87000,83500
Germany,1980,94000,87000
Germany,1981,100000,94000
Germany,1982,100000,100000
Germany,1983,115000,100000
Germany,1984,126600,115000
Germany,1985,475000,126600
Germany,1986,547900,475000
Germany,1987,596200,547900
Germany,1988,610200,596200
Germany,1989,628500,610200
Germany,1990,816000,628500
Germany,1991,821500,816000
Germany,1992,1236000,821500
Germany,1993,1418000,1236000
Germany,1994,1354600,1418000
Germany,1995,1267900,1354600
Germany,1996,1266000,1267900
Germany,1997,1049000,1266000
Germany,1998,949200,1049000
Germany,1999,975500,949200
Germany,2000,976266,975500
Germany,2001,988533,976266
Germany,2002,1144000,988533
Germany,2003,1088478,1144000
Germany,2004,962773,1088478
Germany,2005,771640,962773
Germany,2006,658217,771640
Germany,2007,612942,658217
Germany,2008,616030,612942
Germany,2009,632731,616030
Germany,2010,646260,632731
Germany,2011,634364,646260
Germany,2012,675297,634364
Germany,2013,323148,675297
Germany,2014,443164,323148
Germany,2015,736740,443164
Germany,2016,1256828,736740
Germany,2017,1399554,1256828
Greece,1951,18000,19000
Greece,1952,19000,18000
Greece,1953,18500,19000
Greece,1954,19000,18500
Greece,1955,17400,19000
Greece,1956,16000,17400
Greece,1957,16000,16000
Greece,1958,15700,16000
Greece,1959,15500,15700
Greece,1960,15500,15500
Greece,1961,15200,15500
Greece,1962,15700,15200
Greece,1963,15400,15700
Greece,1964,16000,15400
Greece,1965,15560,16000
Greece,1966,8210,15560
Greece,1967,7530,8210
Greece,1968,5320,7530
Greece,1969,3670,5320
Greece,1970,3350,3670
Greece,1971,4300,3350
Greece,1972,2410,4300
Greece,1973,2220,2410
Greece,1974,2130,2220
Greece,1975,2090,2130
Greece,1976,2110,2090
Greece,1977,2200,2110
Greece,1978,2140,2200
Greece,1979,3410,2140
Greece,1980,3410,3410
Greece,1981,3670,3410
Greece,1982,3650,3670
Greece,1983,3810,3650
Greece,1984,4060,3810
Greece,1985,4360,4060
Greece,1986,3280,4360
Greece,1987,4630,3280
Greece,1988,8262,4630
Greece,1989,7490,8262
Greece,1990,8488,7490
Greece,1991,8989,8488
Greece,1992,8456,8989
Greece,1993,7873,8456
Greece,1994,7784,7873
Greece,1995,4428,7784
Greece,1996,5780,4428
Greece,1997,5520,5780
Greece,1998,6145,5520
Greece,1999,6283,6145
Greece,2000,9032,6283
Greece,2001,13197,9032
Greece,2002,4593,13197
Greece,2003,10027,4593
Greece,2004,9864,10027
Greece,2005,11257,9864
Greece,2006,15793,11257
Greece,2007,30691,15793
Greece,2008,40225,30691
Greece,2009,49896,40225
Greece,2010,57168,49896
Greece,2011,45515,57168
Greece,2012,38283,45515
Greece,2013,53315,38283
Greece,2014,42233,53315
Greece,2015,50979,42233
Greece,2016,86413,50979
Greece,2017,83110,86413
Hungary,1989,27000,45123
Hungary,1990,45123,27000
Hungary,1991,73838,45123
Hungary,1992,32412,73838
Hungary,1993,3023,32412
Hungary,1994,2906,3023
Hungary,1995,11394,2906
Hungary,1996,7537,11394
Hungary,1997,5890,7537
Hungary,1998,3504,5890
Hungary,1999,4990,3504
Hungary,2000,6698,4990
Hungary,2001,7108,6698
Hungary,2002,7143,7108
Hungary,2003,7798,7143
Hungary,2004,8062,7798
Hungary,2005,8730,8062
Hungary,2006,8606,8730
Hungary,2007,9696,8606
Hungary,2008,10271,9696
Hungary,2009,6691,10271
Hungary,2010,5781,6691
Hungary,2011,5466,5781
Hungary,2012,4440,5466
Hungary,2013,4326,4440
Hungary,2014,18551,4326
Hungary,2015,41086,18551
Hungary,2016,8161,41086
Hungary,2017,6272,8161
Ireland,1984,500,600
Ireland,1985,600,500
Ireland,1986,600,600
Ireland,1987,540,600
Ireland,1988,480,540
Ireland,1989,420,480
Ireland,1990,360,420
Ireland,1991,300,360
Ireland,1992,500,300
Ireland,1993,119,500
Ireland,1994,400,119
Ireland,1995,400,400
Ireland,1996,69,400
Ireland,1997,430,69
Ireland,1998,600,430
Ireland,1999,2835,600
Ireland,2000,14610,2835
Ireland,2001,14439,14610
Ireland,2002,12347,14439
Ireland,2003,13362,12347
Ireland,2004,10238,13362
Ireland,2005,9527,10238
Ireland,2006,11341,9527
Ireland,2007,13733,11341
Ireland,2008,14342,13733
Ireland,2009,12326,14342
Ireland,2010,14236,12326
Ireland,2011,13687,14236
Ireland,2012,11798,13687
Ireland,2013,11508,11798
Ireland,2014,10479,11508
Ireland,2015,11180,10479
Ireland,2016,10053,11180
Ireland,2017,12314,10053
Italy,1951,26500,25500
Italy,1952,25500,26500
Italy,1953,24500,25500
Italy,1954,21500,24500
Italy,1955,18500,21500
Italy,1956,21500,18500
Italy,1957,21000,21500
Italy,1958,21000,21000
Italy,1959,18500,21000
Italy,1960,15500,18500
Italy,1961,14500,15500
Italy,1962,14300,14500
Italy,1963,14600,14300
Italy,1964,14000,14600
Italy,1965,15000,14000
Italy,1966,14000,15000
Italy,1967,13000,14000
Italy,1968,13000,13000
Italy,1969,14000,13000
Italy,1970,13000,14000
Italy,1971,12700,13000
Italy,1972,12600,12700
Italy,1973,12600,12600
Italy,1974,13000,12600
Italy,1975,11900,13000
Italy,1976,11900,11900
Italy,1977,11700,11900
Italy,1978,11700,11700
Italy,1979,14100,11700
Italy,1980,21551,14100
Italy,1981,22610,21551
Italy,1982,22881,22610
Italy,1983,22081,22881
Italy,1984,21501,22081
Italy,1985,22402,21501
Italy,1986,21515,22402
Italy,1987,20426,21515
Italy,1988,19274,20426
Italy,1989,13917,19274
Italy,1990,10840,13917
Italy,1991,9813,10840
Italy,1992,9258,9813
Italy,1993,50276,9258
Italy,1994,73060,50276
Italy,1995,74302,73060
Italy,1996,64711,74302
Italy,1997,66620,64711
Italy,1998,5473,66620
Italy,1999,6024,5473
Italy,2000,6962,6024
Italy,2001,8571,6962
Italy,2002,10060,8571
Italy,2003,12841,10060
Italy,2004,15674,12841
Italy,2005,20675,15674
Italy,2006,26875,20675
Italy,2007,39568,26875
Italy,2008,47061,39568
Italy,2009,59330,47061
Italy,2010,60473,59330
Italy,2011,71585,60473
Italy,2012,79109,71585
Italy,2013,89917,79109
Italy,2014,139464,89917
Italy,2015,178203,139464
Italy,2016,247291,178203
Italy,2017,353845,247291
Latvia,1998,2,6
Latvia,1999,6,2
Latvia,2000,9,6
Latvia,2001,9,9
Latvia,2002,18,9
Latvia,2003,17,18
Latvia,2004,12,17
Latvia,2005,20,12
Latvia,2006,24,20
Latvia,2007,44,24
Latvia,2008,68,44
Latvia,2009,95,68
Latvia,2010,121,95
Latvia,2011,326,121
Latvia,2012,297,326
Latvia,2013,354,297
Latvia,2014,422,354
Latvia,2015,387,422
Latvia,2016,497,387
Latvia,2017,687,497
Lithuania,1997,6,34
Lithuania,1998,34,6
Lithuania,1999,44,34
Lithuania,2000,120,44
Lithuania,2001,371,120
Lithuania,2002,586,371
Lithuania,2003,499,586
Lithuania,2004,498,499
Lithuania,2005,586,498
Lithuania,2006,581,586
Lithuania,2007,717,581
Lithuania,2008,851,717
Lithuania,2009,863,851
Lithuania,2010,874,863
Lithuania,2011,898,874
Lithuania,2012,947,898
Lithuania,2013,990,947
Lithuania,2014,1149,990
Lithuania,2015,1175,1149
Lithuania,2016,1175,1175
Lithuania,2017,1806,1175
Luxembourg,1951,1800,1800
Luxembourg,1952,1800,1800
Luxembourg,1953,1800,1800
Luxembourg,1954,1800,1800
Luxembourg,1955,1800,1800
Luxembourg,1956,1900,1800
Luxembourg,1957,1900,1900
Luxembourg,1958,1900,1900
Luxembourg,1959,1900,1900
Luxembourg,1960,1900,1900
Luxembourg,1961,1900,1900
Luxembourg,1962,1900,1900
Luxembourg,1963,1900,1900
Luxembourg,1990,687,1900
Luxembourg,1991,692,687
Luxembourg,1992,2208,692
Luxembourg,1993,225,2208
Luxembourg,1994,300,225
Luxembourg,1995,700,300
Luxembourg,1996,700,700
Luxembourg,1997,700,700
Luxembourg,1998,700,700
Luxembourg,1999,700,700
Luxembourg,2000,759,700
Luxembourg,2001,1201,759
Luxembourg,2002,1201,1201
Luxembourg,2003,1201,1201
Luxembourg,2004,1590,1201
Luxembourg,2005,1822,1590
Luxembourg,2006,2256,1822
Luxembourg,2007,2775,2256
Luxembourg,2008,3138,2775
Luxembourg,2009,3695,3138
Luxembourg,2010,3951,3695
Luxembourg,2011,4549,3951
Luxembourg,2012,4149,4549
Luxembourg,2013,1939,4149
Luxembourg,2014,2390,1939
Luxembourg,2015,3727,2390
Luxembourg,2016,4259,3727
Luxembourg,2017,3490,4259
Malta,1993,505,429
Malta,1994,429,505
Malta,1995,416,429
Malta,1996,367,416
Malta,1997,343,367
Malta,1998,296,343
Malta,1999,271,296
Malta,2000,203,271
Malta,2001,236,203
Malta,2002,334,236
Malta,2003,961,334
Malta,2004,1699,961
Malta,2005,2088,1699
Malta,2006,2615,2088
Malta,2007,3861,2615
Malta,2008,5562,3861
Malta,2009,7783,5562
Malta,2010,7431,7783
Malta,2011,8409,7431
Malta,2012,9015,8409
Malta,2013,10808,9015
Malta,2014,6273,10808
Malta,2015,7665,6273
Malta,2016,8850,7665
Malta,2017,9273,8850
Netherlands,1951,14200,14100
Netherlands,1952,14100,14200
Netherlands,1953,13900,14100
Netherlands,1954,12400,13900
Netherlands,1955,11400,12400
Netherlands,1956,13600,11400
Netherlands,1957,13500,13600
Netherlands,1958,13000,13500
Netherlands,1959,12800,13000
Netherlands,1960,12000,12800
Netherlands,1961,10000,12000
Netherlands,1962,10000,10000
Netherlands,1963,9500,10000
Netherlands,1964,9500,9500
Netherlands,1965,9000,9500
Netherlands,1966,8500,9000
Netherlands,1967,8000,8500
Netherlands,1968,8000,8000
Netherlands,1969,8000,8000
Netherlands,1970,8524,8000
Netherlands,1971,8600,8524
Netherlands,1972,8830,8600
Netherlands,1973,8400,8830
Netherlands,1974,8015,8400
Netherlands,1975,7850,8015
Netherlands,1976,7900,7850
Netherlands,1977,8000,7900
Netherlands,1978,8000,8000
Netherlands,1979,10000,8000
Netherlands,1980,12000,10000
Netherlands,1981,13000,12000
Netherlands,1982,14000,13000
Netherlands,1983,14500,14000
Netherlands,1984,15000,14500
Netherlands,1985,15500,15000
Netherlands,1986,16000,15500
Netherlands,1987,24000,16000
Netherlands,1988,25963,24000
Netherlands,1989,16971,25963
Netherlands,1990,17337,16971
Netherlands,1991,19020,17337
Netherlands,1992,29739,19020
Netherlands,1993,43538,29739
Netherlands,1994,62163,43538
Netherlands,1995,79960,62163
Netherlands,1996,102588,79960
Netherlands,1997,118071,102588
Netherlands,1998,131490,118071
Netherlands,1999,138646,131490
Netherlands,2000,230526,138646
Netherlands,2001,230401,230526
Netherlands,2002,206441,230401
Netherlands,2003,185487,206441
Netherlands,2004,155176,185487
Netherlands,2005,132853,155176
Netherlands,2006,113670,132853
Netherlands,2007,92427,113670
Netherlands,2008,87343,92427
Netherlands,2009,92253,87343
Netherlands,2010,88014,92253
Netherlands,2011,85018,88014
Netherlands,2012,82325,85018
Netherlands,2013,74707,82325
Netherlands,2014,89434,74707
Netherlands,2015,116587,89434
Netherlands,2016,112155,116587
Netherlands,2017,109636,112155
Poland,1991,550,2719
Poland,1992,2719,550
Poland,1993,810,2719
Poland,1994,393,810
Poland,1995,600,393
Poland,1996,600,600
Poland,1997,835,600
Poland,1998,898,835
Poland,1999,942,898
Poland,2000,1020,942
Poland,2001,1311,1020
Poland,2002,4150,1311
Poland,2003,3357,4150
Poland,2004,6039,3357
Poland,2005,6231,6039
Poland,2006,8763,6231
Poland,2007,15993,8763
Poland,2008,17177,15993
Poland,2009,17722,17177
Poland,2010,17681,17722
Poland,2011,18733,17681
Poland,2012,18301,18733
Poland,2013,18589,18301
Poland,2014,18426,18589
Poland,2015,17368,18426
Poland,2016,15178,17368
Poland,2017,15043,15178
Portugal,1975,150,7500
Portugal,1977,7500,150
Portugal,1978,7500,7500
Portugal,1979,7600,7500
Portugal,1980,7600,7600
Portugal,1981,7600,7600
Portugal,1982,7600,7600
Portugal,1983,700,7600
Portugal,1984,600,700
Portugal,1985,700,600
Portugal,1986,800,700
Portugal,1987,800,800
Portugal,1988,789,800
Portugal,1989,657,789
Portugal,1990,867,657
Portugal,1991,998,867
Portugal,1992,1778,998
Portugal,1993,600,1778
Portugal,1994,248,600
Portugal,1995,248,248
Portugal,1996,308,248
Portugal,1997,319,308
Portugal,1998,339,319
Portugal,1999,379,339
Portugal,2000,433,379
Portugal,2001,449,433
Portugal,2002,462,449
Portugal,2003,418,462
Portugal,2004,377,418
Portugal,2005,363,377
Portugal,2006,333,363
Portugal,2007,353,333
Portugal,2008,403,353
Portugal,2009,408,403
Portugal,2010,456,408
Portugal,2011,622,456
Portugal,2012,680,622
Portugal,2013,804,680
Portugal,2014,1043,804
Portugal,2015,1433,1043
Portugal,2016,2052,1433
Portugal,2017,1614,2052
Romania,1977,1000,1000
Romania,1978,1000,1000
Romania,1979,1000,1000
Romania,1980,1000,1000
Romania,1981,1000,1000
Romania,1982,1000,1000
Romania,1983,1000,1000
Romania,1984,1000,1000
Romania,1991,651,1000
Romania,1992,520,651
Romania,1993,1170,520
Romania,1994,1170,1170
Romania,1995,194,1170
Romania,1996,269,194
Romania,1997,640,269
Romania,1998,989,640
Romania,1999,1242,989
Romania,2000,1685,1242
Romania,2001,1805,1685
Romania,2002,1896,1805
Romania,2003,2323,1896
Romania,2004,1837,2323
Romania,2005,2320,1837
Romania,2006,1835,2320
Romania,2007,1923,1835
Romania,2008,1899,1923
Romania,2009,1467,1899
Romania,2010,1409,1467
Romania,2011,1758,1409
Romania,2012,1297,1758
Romania,2013,1920,1297
Romania,2014,2542,1920
Romania,2015,3030,2542
Romania,2016,2979,3030
Romania,2017,5370,2979
Slovakia,1993,1521,159
Slovakia,1994,159,1521
Slovakia,1995,2339,159
Slovakia,1996,1387,2339
Slovakia,1997,746,1387
Slovakia,1998,424,746
Slovakia,1999,443,424
Slovakia,2000,846,443
Slovakia,2001,3623,846
Slovakia,2002,4952,3623
Slovakia,2003,5075,4952
Slovakia,2004,3325,5075
Slovakia,2005,3075,3325
Slovakia,2006,2992,3075
Slovakia,2007,863,2992
Slovakia,2008,624,863
Slovakia,2009,655,624
Slovakia,2010,728,655
Slovakia,2011,731,728
Slovakia,2012,856,731
Slovakia,2013,901,856
Slovakia,2014,1019,901
Slovakia,2015,993,1019
Slovakia,2016,1028,993
Slovakia,2017,913,1028
Slovenia,1992,74100,45000
Slovenia,1993,45000,74100
Slovenia,1994,29156,45000
Slovenia,1995,22314,29156
Slovenia,1996,10014,22314
Slovenia,1997,5135,10014
Slovenia,1998,3465,5135
Slovenia,1999,4382,3465
Slovenia,2000,11643,4382
Slovenia,2001,2720,11643
Slovenia,2002,583,2720
Slovenia,2003,2201,583
Slovenia,2004,627,2201
Slovenia,2005,436,627
Slovenia,2006,434,436
Slovenia,2007,318,434
Slovenia,2008,352,318
Slovenia,2009,369,352
Slovenia,2010,435,369
Slovenia,2011,245,435
Slovenia,2012,276,245
Slovenia,2013,234,276
Slovenia,2014,326,234
Slovenia,2015,395,326
Slovenia,2016,781,395
Slovenia,2017,835,781
Spain,1951,2000,2000
Spain,1954,2000,2000
Spain,1961,2000,2000
Spain,1962,2000,2000
Spain,1963,2000,2000
Spain,1964,14000,2000
Spain,1965,14000,14000
Spain,1966,17000,14000
Spain,1967,20000,17000
Spain,1968,20000,20000
Spain,1969,23000,20000
Spain,1970,29500,23000
Spain,1971,38000,29500
Spain,1972,40000,38000
Spain,1973,26000,40000
Spain,1974,18000,26000
Spain,1975,16000,18000
Spain,1976,16500,16000
Spain,1977,15000,16500
Spain,1978,15000,15000
Spain,1979,26000,15000
Spain,1980,21500,26000
Spain,1981,21500,21500
Spain,1982,23500,21500
Spain,1983,23700,23500
Spain,1984,9900,23700
Spain,1985,9300,9900
Spain,1986,10200,9300
Spain,1987,9200,10200
Spain,1988,8691,9200
Spain,1989,8676,8691
Spain,1990,8303,8676
Spain,1991,4003,8303
Spain,1992,4036,4003
Spain,1993,4997,4036
Spain,1994,5361,4997
Spain,1995,5852,5361
Spain,1996,5688,5852
Spain,1997,5532,5688
Spain,1998,5939,5532
Spain,1999,6714,5939
Spain,2000,6987,6714
Spain,2001,6806,6987
Spain,2002,6780,6806
Spain,2003,5900,6780
Spain,2004,5686,5900
Spain,2005,5374,5686
Spain,2006,5275,5374
Spain,2007,5147,5275
Spain,2008,4661,5147
Spain,2009,7250,4661
Spain,2010,6532,7250
Spain,2011,6898,6532
Spain,2012,7300,6898
Spain,2013,8981,7300
Spain,2014,13323,8981
Spain,2015,17477,13323
Spain,2016,33349,17477
Spain,2017,52342,33349
Sweden,1951,44000,42000
Sweden,1952,42000,44000
Sweden,1953,37000,42000
Sweden,1954,33000,37000
Sweden,1955,28000,33000
Sweden,1956,31000,28000
Sweden,1957,33000,31000
Sweden,1958,31000,33000
Sweden,1959,28000,31000
Sweden,1960,26000,28000
Sweden,1961,26000,26000
Sweden,1962,26000,26000
Sweden,1963,26000,26000
Sweden,1964,24000,26000
Sweden,1965,22000,24000
Sweden,1966,20000,22000
Sweden,1967,18000,20000
Sweden,1968,17000,18000
Sweden,1969,17000,17000
Sweden,1970,20000,17000
Sweden,1971,20000,20000
Sweden,1972,20000,20000
Sweden,1973,20000,20000
Sweden,1974,20000,20000
Sweden,1975,20000,20000
Sweden,1976,20000,20000
Sweden,1977,20000,20000
Sweden,1978,20000,20000
Sweden,1979,20000,20000
Sweden,1980,20000,20000
Sweden,1981,20000,20000
Sweden,1982,20000,20000
Sweden,1983,43000,20000
Sweden,1984,90600,43000
Sweden,1985,90600,90600
Sweden,1986,120000,90600
Sweden,1987,130000,120000
Sweden,1988,139783,130000
Sweden,1989,139783,139783
Sweden,1990,109663,139783
Sweden,1991,124470,109663
Sweden,1992,131073,124470
Sweden,1993,162402,131073
Sweden,1994,200791,162402
Sweden,1995,199212,200791
Sweden,1996,191171,199212
Sweden,1997,186725,191171
Sweden,1998,178795,186725
Sweden,1999,159513,178795
Sweden,2000,168020,159513
Sweden,2001,164091,168020
Sweden,2002,175491,164091
Sweden,2003,147439,175491
Sweden,2004,101451,147439
Sweden,2005,90617,101451
Sweden,2006,97318,90617
Sweden,2007,102801,97318
Sweden,2008,101136,102801
Sweden,2009,100308,101136
Sweden,2010,101261,100308
Sweden,2011,104748,101261
Sweden,2012,115691,104748
Sweden,2013,141899,115691
Sweden,2014,198991,141899
Sweden,2015,326566,198991
Sweden,2016,313267,326566
Sweden,2017,292479,313267
United Kingdom,1951,208000,200000
United Kingdom,1952,200000,208000
United Kingdom,1953,192000,200000
United Kingdom,1954,182000,192000
United Kingdom,1955,175000,182000
United Kingdom,1956,182000,175000
United Kingdom,1957,179000,182000
United Kingdom,1958,175000,179000
United Kingdom,1959,170000,175000
United Kingdom,1960,167000,170000
United Kingdom,1961,164000,167000
United Kingdom,1962,160000,164000
United Kingdom,1963,157000,160000
United Kingdom,1964,160000,157000
United Kingdom,1965,170000,160000
United Kingdom,1966,167000,170000
United Kingdom,1967,164000,167000
United Kingdom,1968,161000,164000
United Kingdom,1969,162000,161000
United Kingdom,1970,162000,162000
United Kingdom,1971,150000,162000
United Kingdom,1972,150000,150000
United Kingdom,1973,150000,150000
United Kingdom,1974,155500,150000
United Kingdom,1975,153000,155500
United Kingdom,1976,153000,153000
United Kingdom,1977,148000,153000
United Kingdom,1978,150000,148000
United Kingdom,1979,146000,150000
United Kingdom,1980,148000,146000
United Kingdom,1981,146000,148000
United Kingdom,1982,143000,146000
United Kingdom,1983,140000,143000
United Kingdom,1984,135000,140000
United Kingdom,1985,135000,135000
United Kingdom,1986,100000,135000
United Kingdom,1987,100000,100000
United Kingdom,1988,39759,100000
United Kingdom,1989,46017,39759
United Kingdom,1990,43632,46017
United Kingdom,1991,43371,43632
United Kingdom,1992,64726,43371
United Kingdom,1993,80230,64726
United Kingdom,1994,85160,80230
United Kingdom,1995,90909,85160
United Kingdom,1996,98577,90909
United Kingdom,1997,107933,98577
United Kingdom,1998,121716,107933
United Kingdom,1999,148922,121716
United Kingdom,2000,274848,148922
United Kingdom,2001,272189,274848
United Kingdom,2002,301987,272189
United Kingdom,2003,300421,301987
United Kingdom,2004,308544,300421
United Kingdom,2005,315681,308544
United Kingdom,2006,313956,315681
United Kingdom,2007,310515,313956
United Kingdom,2008,305694,310515
United Kingdom,2009,281760,305694
United Kingdom,2010,253027,281760
United Kingdom,2011,210414,253027
United Kingdom,2012,168707,210414
United Kingdom,2013,151161,168707
United Kingdom,2014,153617,151161
United Kingdom,2015,168937,153617
United Kingdom,2016,162512,168937
United Kingdom,2017,162050,162512
